,album,artist,genre,id,track_name,acousticness,danceability,duration_ms,energy,instrumentalness,key,liveness,loudness,mode,speechiness,tempo,time_signature,valence
0,Falling,Lina Mayer,Pop,2wYHz0GOHV49Xezd5mWTDP,Falling,0.0315,0.447,201385,0.594,1.02e-06,5,0.111,-5.996,1,0.0448,164.05,4,0.521
1,No Tears Left To Cry,Ariana Grande,Pop,5SxkdsY1ufZzoq9iXceLw9,No Tears Left To Cry,0.0375,0.703,205947,0.696,5.65e-06,0,0.274,-5.482,1,0.0529,121.969,4,0.366
2,The Middle,Zedd,Pop,2ARqIya5NAuvFVHSN3bL0m,The Middle,0.208,0.748,184732,0.652,0.0,7,0.128,-3.02,1,0.058,106.914,4,0.431
3,Never Be the Same (Radio Edit),Camila Cabello,Pop,0BlY60NrN0fFWbdW3RW40q,Never Be the Same - Radio Edit,0.156,0.652,227077,0.682,0.00013,0,0.121,-4.38,1,0.0788,129.942,4,0.269
4,All Your Fault: Pt. 2,Bebe Rexha,Pop,7iDa6hUg2VgEL1o1HjmfBn,Meant to Be (feat. Florida Georgia Line),0.047,0.643,163870,0.783,0.0,10,0.083,-6.458,1,0.0856,154.084,4,0.579
5,Finesse (Remix) [feat. Cardi B],Bruno Mars,Pop,3Vo4wInECJQuz9BIBMOu8i,Finesse (Remix) [feat. Cardi B],0.0185,0.704,217289,0.859,0.0,5,0.0215,-4.877,0,0.0996,105.115,4,0.926
6,Pray For Me (with Kendrick Lamar),The Weeknd,Pop,4ofvoCdXq99vpMZO4Cfp8x,Pray For Me (with Kendrick Lamar),0.0805,0.728,211440,0.668,1.49e-05,2,0.102,-5.02,1,0.126,100.537,4,0.162
7,Scary Hours,Drake,Pop,6T8cJz5lAqGer9GUHGyelE,God's Plan,0.0283,0.755,198960,0.448,3.28e-05,7,0.514,-9.587,1,0.107,77.179,4,0.318
8,Him & I,G-Eazy,Pop,3YU6vJbjYUG0tiJyXf9x5V,Him & I,0.0534,0.589,268867,0.731,0.0,2,0.308,-6.343,1,0.0868,87.908,4,0.191
9,Perception,NF,Pop,6mrKP2jyIQmM0rw6fQryjr,Let You Down,0.33,0.659,212120,0.716,0.0,5,0.173,-5.673,0,0.111,148.015,4,0.437
10,Dua Lipa (Deluxe),Dua Lipa,Pop,2ekn2ttSfGqwhhate0LSR0,New Rules,0.00256,0.771,208827,0.696,9.71e-06,9,0.179,-6.258,0,0.0755,116.054,4,0.656
11,÷ (Deluxe),Ed Sheeran,Pop,0tgVpDi06FyKpA1z0VMD4v,Perfect,0.163,0.599,263400,0.448,0.0,8,0.106,-6.312,1,0.0232,95.05,3,0.168
12,Evolve,Imagine Dragons,Pop,4IWAyPf1KMq7JCyGeCjTeH,Whatever It Takes,0.0429,0.675,201240,0.649,0.0,1,0.128,-4.953,1,0.0315,134.955,4,0.537
13,Red Pill Blues (Deluxe),Maroon 5,Pop,1Qg9jWGDkKAGZXj5v2OG59,Wait,0.0889,0.659,190643,0.604,0.0,8,0.105,-5.084,1,0.0542,126.135,4,0.407
14,Mine,Bazzi,Pop,6tHWl8ows5JOZq9Yfaqn3M,Mine,0.014,0.716,133995,0.805,3.1e-06,4,0.291,-3.839,1,0.0856,142.886,4,0.719
15,FRIENDS,Marshmello,Pop,08bNPGLD8AhKpnnERrAc6G,FRIENDS,0.205,0.626,202621,0.88,0.0,9,0.128,-2.384,0,0.0504,95.079,4,0.534
16,In My Blood,Shawn Mendes,Pop,79jX8RM5CgPqDKdGEKNW9K,In My Blood,0.0524,0.628,211600,0.715,0.0,5,0.119,-7.097,1,0.0541,139.991,4,0.429
17,Man of the Woods,Justin Timberlake,Pop,1LhMopPAallLeaeNutqbgS,Say Something,0.103,0.707,278893,0.632,1.09e-05,10,0.0841,-7.031,1,0.0789,97.04,4,0.372
18,No Excuses,Meghan Trainor,Pop,7fCNUWi6uflDTQ08srxMZk,No Excuses,0.0224,0.827,152862,0.658,0.0,6,0.0417,-3.846,1,0.0517,115.016,4,0.523
19,I Like Me Better,Lauv,Pop,1wjzFQodRWrPcQ0AnYnvQ9,I Like Me Better,0.535,0.752,197437,0.505,2.55e-06,9,0.104,-7.621,1,0.253,91.97,4,0.419
20,All The Stars (with SZA),Kendrick Lamar,Pop,12SJpYZEdj4kzWZ8FPFg4Y,All The Stars (with SZA),0.0322,0.715,235540,0.62,0.0142,5,0.0881,-5.428,0,0.0507,96.812,4,0.456
21,Tell Me You Love Me,Demi Lovato,Pop,5Htb1uFQ1KrkFXlefS8oGj,Tell Me You Love Me,0.0247,0.516,236987,0.592,0.0,3,0.181,-5.465,0,0.0566,82.05,4,0.271
22,Psycho (feat. Ty Dolla $ign),Post Malone,Pop,7wrDRQgHlvDnimrRHfQZxt,Psycho (feat. Ty Dolla $ign),0.59,0.748,220880,0.546,0.0,8,0.112,-8.134,1,0.106,140.005,4,0.413
23,IDGAF,Dua Lipa,Pop,5BG3hnp2SmFmoBIs3YTqsm,IDGAF,0.0433,0.836,218173,0.552,0.0,7,0.0773,-5.66,1,0.0851,97.036,4,0.525
24,Want You Back,5 Seconds of Summer,Pop,2Pvr8rYuh5J8V7QglJhH6W,Want You Back,0.00748,0.608,173073,0.873,0.0,0,0.196,-4.928,1,0.0424,98.009,4,0.589
25,reputation,Taylor Swift,Pop,7CneiDesUKFJO3Ix01dnfr,Delicate,0.216,0.75,232253,0.404,0.000357,9,0.0911,-10.178,0,0.0682,95.045,4,0.0499
26,Flicker (Deluxe),Niall Horan,Pop,4kVo85bcmBkvMBcJl42XCA,On The Loose,0.00745,0.721,223814,0.613,2.55e-06,11,0.125,-7.051,0,0.0332,124.012,4,0.665
27,Alone (Feat. Big Sean & Stefflon Don),Halsey,Pop,3tbNT2X5tfMIVeUflYbZUZ,Alone (Feat. Big Sean & Stefflon Don),0.0164,0.445,207458,0.662,0.0,2,0.219,-4.802,0,0.181,200.04,4,0.479
28,No Roots,Alice Merton,Pop,7anBA0IdgFaN3Pbyk2tog0,No Roots,0.264,0.863,235813,0.657,0.00619,7,0.0713,-7.295,1,0.105,115.958,4,0.829
29,Sit Next to Me (Versions),Foster The People,Pop,3E5NUvTLszM8uymKQ227MP,Sit Next to Me - Radio Edit,0.0865,0.678,202600,0.747,0.000174,6,0.147,-5.416,0,0.0289,97.004,4,0.815
30,Trust Fund Baby,Why Don't We,Pop,54j7EaJPDmSZYcNYvLSJ78,Trust Fund Baby,0.0629,0.624,184460,0.785,0.0,8,0.135,-3.337,1,0.0498,163.929,4,0.593
31,One Kiss (with Dua Lipa),Calvin Harris,Pop,7ef4DlsgrMEH11cDZd32M6,One Kiss (with Dua Lipa),0.037,0.791,214847,0.862,2.19e-05,9,0.0814,-3.24,0,0.11,123.994,4,0.592
32,Done For Me (feat. Kehlani),Charlie Puth,Pop,76S09sHj7GGMJAtOLjmVQ2,Done For Me (feat. Kehlani),0.173,0.854,180535,0.627,0.0,6,0.0663,-3.737,0,0.0732,112.003,4,0.722
33,Everyday,Logic,Pop,6zOhgKfbMiQWToE6K13s2s,Everyday,0.0426,0.675,204827,0.748,0.0,1,0.0785,-3.947,1,0.0388,149.923,4,0.469
34,Sick Boy...Everybody Hates Me,The Chainsmokers,Pop,3pIigjAWkzwAonXpJ1fmSF,Everybody Hates Me,0.00836,0.471,224027,0.755,0.0,11,0.368,-6.612,0,0.0455,154.801,4,0.512
35,Merengue,Kent Jones,Pop,3EypXSP7JVjtusvnBtAIBo,Merengue,0.47,0.717,191032,0.864,0.0,1,0.147,-3.231,1,0.216,112.97,4,0.738
36,Culture II,Migos,Pop,2tek8UnoiJdkmpPMqa5KRQ,Stir Fry,0.00316,0.814,190288,0.819,0.0,2,0.133,-5.48,1,0.251,181.958,4,0.517
37,Love Lies (with Normani),Khalid,Pop,45Egmo7icyopuzJN0oMEdk,Love Lies (with Normani),0.0956,0.708,201707,0.648,0.0,6,0.134,-5.626,1,0.0449,143.955,4,0.338
38,The Click,AJR,Pop,7bXvOMQ3UrcTS1dO9Ppzsg,Sober Up,0.277,0.647,218760,0.616,0.0,5,0.0816,-4.948,1,0.0272,93.019,4,0.79
39,Sober,G-Eazy,Pop,0GOJobsbOSIF99y6CGr5o6,Sober,0.263,0.558,203960,0.766,0.0,6,0.32,-5.953,0,0.231,96.281,4,0.182
40,"These Days (feat. Jess Glynne, Macklemore & Dan Caplen)",Rudimental,Pop,5CLGzJsGqhCEECcpnFQA8x,"These Days (feat. Jess Glynne, Macklemore & Dan Caplen)",0.194,0.653,210773,0.809,0.0,0,0.165,-4.057,1,0.0474,92.213,4,0.55
41,Tattoo (How 'Bout You),In Real Life,Pop,76bAIHM7qJk1iMDM4WbWoI,Tattoo (How 'Bout You),0.196,0.865,229295,0.591,0.0,0,0.0784,-6.039,1,0.237,109.03,4,0.597
42,Hearts Ain't Gonna Lie (with Jonas Blue),Arlissa,Pop,1bfPwJtmZdqv6MPY5Wr7eH,Hearts Ain't Gonna Lie (with Jonas Blue),0.0864,0.438,201264,0.731,0.0,6,0.13,-4.566,0,0.0603,92.958,4,0.466
43,Damaged Vol. 1,bülow,Pop,0olvO9l53TxK1j0v4wrC5y,Not A Love Song,0.14,0.737,192293,0.523,6.12e-05,7,0.127,-10.25,1,0.0703,91.993,4,0.305
44,Sky Walker,Miguel,Pop,1DRW9bQzt2SE8f7H4KJZyL,Sky Walker,0.0876,0.629,260077,0.717,0.0,6,0.358,-5.706,1,0.0638,145.959,4,0.129
45,Over My Head,Echosmith,Pop,3haxUceS8i97BLoB7WH3Mj,Over My Head,0.0968,0.656,208233,0.723,0.0,11,0.343,-4.975,0,0.0262,105.049,4,0.904
46,Pray,Sam Smith,Pop,3n3b5WNEohHP7Ou4ndBo6b,Pray,0.224,0.637,221760,0.448,0.0,4,0.0887,-7.968,0,0.0617,87.919,3,0.224
47,Freaky Friday (feat. Chris Brown),Lil Dicky,Pop,10Igtw8bSDyyFs7KIsKngZ,Freaky Friday (feat. Chris Brown),0.147,0.755,216632,0.599,0.0,8,0.109,-5.042,1,0.224,133.123,4,0.755
48,Catch A Body (feat. Quavo),LIVVIA,Pop,1D2NjsP1malEdluqvBdMS0,Catch A Body (feat. Quavo),0.247,0.716,202309,0.871,0.0,6,0.204,-4.371,0,0.194,90.973,4,0.609
49,BOOMIVERSE,Big Boi,Pop,2Bb3mu3lfUrcRoTi3IcvQc,All Night,0.0567,0.849,241898,0.823,0.0,4,0.0855,-4.563,1,0.0441,135.929,4,0.846
50,Make Me Feel,Janelle Monáe,Pop,79GsUxLyzxgnN4I1E11dtO,Make Me Feel,0.122,0.865,194965,0.436,0.0,1,0.155,-5.756,1,0.186,115.019,4,0.629
51,Revival,Eminem,Pop,6Ww0J5EFjiPxkgZpEkRQVN,Nowhere Fast (feat. Kehlani),0.261,0.708,264173,0.729,0.0,11,0.0692,-4.621,1,0.188,79.024,4,0.644
52,Lights Down Low,MAX,Pop,5brHijrNA7UAFw74p4f5v3,Lights Down Low,0.0632,0.623,223847,0.493,0.0,5,0.104,-7.727,0,0.0338,81.019,4,0.594
53,hopeless fountain kingdom (Deluxe),Halsey,Pop,2TBQoW7s6iwKcg139ssqie,Bad At Love,0.057,0.664,181279,0.753,0.0,0,0.088,-3.589,1,0.0323,118.253,4,0.54
54,Havana,Camila Cabello,Pop,0ofbQMrRDsUaVKq2mGLEAb,Havana,0.186,0.768,216897,0.517,3.8e-05,7,0.104,-4.323,0,0.0312,104.992,4,0.418
55,Wolves,Selena Gomez,Pop,0tBbt8CrmxbjRP0pueQkyU,Wolves,0.129,0.72,197993,0.807,0.0,11,0.183,-4.59,0,0.0432,124.946,4,0.305
56,rockstar,Post Malone,Pop,7wGoVu4Dady5GV0Sv4UIsx,rockstar,0.13,0.577,218320,0.522,9.03e-05,5,0.142,-6.594,0,0.0984,159.772,4,0.119
57,Sorry Not Sorry,Demi Lovato,Pop,25C5CowdsfXld2jJanbiex,Sorry Not Sorry,0.0252,0.701,203760,0.638,0.0,11,0.256,-6.889,0,0.238,144.084,4,0.868
58,How Long,Charlie Puth,Pop,32DGGj6KlNuBr6WaqRxpxi,How Long,0.189,0.849,198237,0.581,3.61e-06,1,0.0805,-5.243,0,0.0767,110.008,4,0.779
59,Evolve,Imagine Dragons,Pop,0tKcYR2II1VCQWT79i5NrW,Thunder,0.00683,0.6,187147,0.81,0.21,0,0.155,-4.749,1,0.0479,167.88,4,0.298
60,Strip That Down,Liam Payne,Pop,6EpRaXYhGOB3fj4V2uDkMJ,Strip That Down,0.246,0.869,204502,0.485,0.0,6,0.0765,-5.595,1,0.0545,106.028,4,0.527
61,Attention,Charlie Puth,Pop,4iLqG9SeJSnt0cSPICSjxv,Attention,0.0969,0.774,211475,0.626,3.12e-05,3,0.0848,-4.432,0,0.0432,100.041,4,0.777
62,Shape of You,Ed Sheeran,Pop,0FE9t6xYkqWXU2ahLh6D8X,Shape of You,0.581,0.825,233713,0.652,0.0,1,0.0931,-3.183,0,0.0802,95.977,4,0.931
63,Feel It Still,Portugal. The Man,Pop,7FESgYLcOufHqKlwrvJN60,Feel It Still,0.0406,0.78,163251,0.798,6.31e-05,1,0.0733,-5.151,0,0.0613,78.969,4,0.771
64,Illuminate (Deluxe),Shawn Mendes,Pop,79cuOz3SPQTuFrp8WgftAu,There's Nothing Holdin' Me Back,0.381,0.857,199440,0.8,0.0,2,0.0913,-4.035,1,0.0583,121.996,4,0.966
65,Good Old Days (feat. Kesha),Macklemore,Pop,3vGmmVqWM33agHxB19EcAi,Good Old Days (feat. Kesha),0.446,0.712,240507,0.51,2.46e-05,8,0.112,-8.162,1,0.0633,122.964,4,0.268
66,Slow Hands,Niall Horan,Pop,167NczpNbRF7oWakJaY3Hh,Slow Hands,0.0142,0.728,188174,0.426,0.0,0,0.0546,-6.69,1,0.0509,85.908,4,0.844
67,It Ain't Me (with Selena Gomez),Kygo,Pop,3eR23VReFzcdmS7TYCrhCe,It Ain't Me (with Selena Gomez),0.119,0.64,220781,0.533,0.0,0,0.0864,-6.596,1,0.0706,99.968,4,0.515
68,24K Magic,Bruno Mars,Pop,0KKkJNfGyhkQ5aFogxQAPU,That's What I Like,0.013,0.853,206693,0.56,0.0,1,0.0944,-4.961,1,0.0406,134.066,4,0.86
69,Stay,Zedd,Pop,0dA2Mk56wEzDgegdC6R17g,Stay (with Alessia Cara),0.232,0.679,210091,0.634,0.0,5,0.115,-5.024,0,0.0654,102.013,4,0.498
70,Everybody,Logic,Pop,5aFQU3VPCQ3YGfKBA4tLfj,1-800-273-8255,0.568,0.627,250173,0.572,1.52e-06,5,0.198,-7.738,0,0.0373,100.041,4,0.361
71,Something Just Like This,The Chainsmokers,Pop,1dNIEtp7AY3oDAKCGg2XkH,Something Just Like This,0.0306,0.607,247627,0.649,2.46e-05,11,0.174,-6.695,0,0.0362,102.996,4,0.505
72,What Lovers Do (feat. SZA),Maroon 5,Pop,4mxWSdf71VFO52qFeY0fZt,What Lovers Do (feat. SZA),0.0767,0.795,199849,0.608,2.92e-06,5,0.0853,-5.222,0,0.0694,110.001,4,0.386
73,Despacito Feat. Justin Bieber (Remix),Luis Fonsi,Pop,5CtI0qwDJkDQGwXD1H1cLb,Despacito - Remix,0.229,0.694,228827,0.815,0.0,2,0.0924,-4.328,1,0.12,88.931,4,0.813
74,"Let Me Go (with Alesso, Florida Georgia Line & watt)",Hailee Steinfeld,Pop,5AEtlRudpgdT5FtNiuly6Y,"Let Me Go (with Alesso, Florida Georgia Line & watt)",0.0393,0.659,174800,0.717,0.0,8,0.0769,-4.202,1,0.0581,103.036,4,0.71
75,American Teen,Khalid,Pop,5Z3GHaZ6ec9bsiI5BenrbY,Young Dumb & Broke,0.199,0.798,202547,0.539,1.66e-05,1,0.165,-6.351,1,0.0421,136.949,4,0.394
76,Closer,The Chainsmokers,Pop,7BKLCZ1jbUBVqRi2FVlTVw,Closer,0.414,0.748,244960,0.524,0.0,8,0.111,-5.599,1,0.0338,95.01,4,0.661
77,No Promises (feat. Demi Lovato),Cheat Codes,Pop,1louJpMmzEicAn7lzDalPW,No Promises (feat. Demi Lovato),0.0575,0.741,223504,0.667,0.0,10,0.106,-5.445,1,0.134,112.956,4,0.595
78,Evolve,Imagine Dragons,Pop,0CcQNd8CINkwQfe1RDtGV6,Believer,0.0524,0.779,204347,0.787,0.0,10,0.14,-4.305,0,0.108,124.982,4,0.708
79,Encore,DJ Snake,Pop,4pdPtRcBmOSQDlJ3Fk945m,Let Me Love You,0.0784,0.476,205947,0.718,1.02e-05,8,0.122,-5.309,1,0.0576,199.864,4,0.142
80,Know-It-All (Deluxe),Alessia Cara,Pop,42ydLwx4i5V49RXHOozJZq,Scars To Your Beautiful,0.0298,0.321,230227,0.754,0.0,0,0.11,-5.733,1,0.292,191.768,4,0.413
81,Now Or Never,Halsey,Pop,1mDGDb2fUmUMdqV3tb8VKQ,Now Or Never,0.107,0.67,214802,0.585,1.11e-06,6,0.131,-4.861,0,0.0354,110.03,4,0.447
82,Starboy,The Weeknd,Pop,7lQqaqZu0vjxzpdATOIsDt,Starboy,0.159,0.68,230467,0.594,2.35e-06,7,0.134,-7.021,1,0.28,186.04,4,0.475
83,Unforgettable,French Montana,Pop,1F2HXIJrE2Xn81OzT2zZvW,Unforgettable,0.0293,0.726,233833,0.769,0.0101,6,0.104,-5.043,1,0.123,97.985,4,0.733
84,Don't Let Me Down,The Chainsmokers,Pop,1i1fxkWeaMmKEB4T7zqbzK,Don't Let Me Down,0.157,0.532,208373,0.869,0.00508,11,0.136,-5.094,1,0.172,159.803,4,0.422
85,Cheap Thrills,Sia,Pop,6b3b7lILUJqXcp6w9wNQSm,Cheap Thrills,0.0561,0.592,224813,0.8,2.01e-06,6,0.0775,-4.931,0,0.215,89.972,4,0.728
86,This Is What You Came For,Calvin Harris,Pop,0azC730Exh71aQlOt9Zj3y,This Is What You Came For,0.199,0.63,222160,0.928,0.124,9,0.148,-2.787,0,0.0331,123.963,4,0.465
87,Dangerous Woman,Ariana Grande,Pop,4pLwZjInHj3SimIyN9SnOz,Side To Side,0.0408,0.648,226160,0.738,0.0,6,0.292,-5.883,0,0.247,159.145,4,0.603
88,24K Magic,Bruno Mars,Pop,2gFvRmQiWg9fN9i74Q0aiw,24K Magic,0.034,0.818,225983,0.803,0.0,1,0.153,-4.282,1,0.0797,106.97,4,0.632
89,I Feel It Coming,The Weeknd,Pop,0VeYT2aD9t65JgofFZGpKl,I Feel It Coming,0.413,0.768,269187,0.814,0.0,0,0.0839,-5.91,0,0.151,92.979,4,0.541
90,Issues,Julia Michaels,Pop,1sXUWdKx03aP9Gmzft58rt,Issues,0.368,0.683,176347,0.427,0.0,8,0.0604,-6.827,1,0.0777,113.634,4,0.426
91,Say You Won't Let Go,James Arthur,Pop,1Pw5C4N6Fn5E4mGCxmbbVa,Say You Won't Let Go,0.693,0.4,211240,0.564,0.0,10,0.0863,-7.444,1,0.0523,99.269,4,0.483
92,I'm the One,DJ Khaled,Pop,72Q0FQQo32KJloivv5xge2,I'm the One,0.0533,0.599,288877,0.667,0.0,7,0.134,-4.267,1,0.0367,80.984,4,0.817
93,Rockabye (feat. Sean Paul & Anne-Marie),Clean Bandit,Pop,5knuzwU65gJK7IF5yJsuaW,Rockabye (feat. Sean Paul & Anne-Marie),0.406,0.72,251088,0.763,0.0,9,0.18,-4.068,0,0.0523,101.965,4,0.742
94,Blurryface,Twenty One Pilots,Pop,2Z8WuEywRWYTKe1NybPQEW,Ride,0.00835,0.645,214507,0.713,0.0,6,0.113,-5.355,1,0.0393,74.989,4,0.566
95,Treat You Better,Shawn Mendes,Pop,53B2XmmjJ9rriW1qciMBeX,Treat You Better,0.121,0.45,187973,0.825,0.0,10,0.109,-4.066,0,0.372,82.823,4,0.742
96,"CAN'T STOP THE FEELING! (Original Song from DreamWorks Animation's ""TROLLS"")",Justin Timberlake,Pop,6JV2JOEocMgcZxYSZelKcc,"CAN'T STOP THE FEELING! (Original Song from DreamWorks Animation's ""TROLLS"")",0.0123,0.667,236002,0.83,0.0,0,0.191,-5.715,1,0.0749,113.03,4,0.701
97,Paris,The Chainsmokers,Pop,15vzANxN8G9wWfwAJLLMCg,Paris,0.0243,0.646,221520,0.644,0.0,2,0.0888,-6.763,1,0.031,99.999,4,0.251
98,Wild Thoughts,DJ Khaled,Pop,4IIUaKqGMElZ3rGtuvYlNc,Wild Thoughts,0.0287,0.613,204664,0.681,0.0,8,0.126,-3.089,1,0.0778,97.621,4,0.619
99,One Dance,Drake,Pop,0JoaFxLgrqbWutREzcZBzS,One Dance,0.00802,0.771,173975,0.629,0.00252,1,0.356,-5.79,1,0.0511,103.918,4,0.362
0,Piece Of Me,Bullet For My Valentine,Metal,7uODYAQGgOU21nSxkjafmV,Piece Of Me,0.00706,0.447,206007,0.942,0.0,1,0.0693,-4.561,1,0.0722,138.775,4,0.198
1,Prey,Parkway Drive,Metal,6aPDAyrtj011Mzjg9NK0tT,Prey,3.28e-05,0.27,255231,0.964,0.0247,6,0.525,-4.545,1,0.0866,99.731,3,0.325
2,Fen of Shadows,Skeletonwitch,Metal,0xGsgz7zJJwy2kNb3LEe1D,Fen of Shadows,7.22e-06,0.379,478507,0.898,0.469,4,0.484,-4.955,0,0.0674,140.041,4,0.0696
3,Country Heroes,DevilDriver,Metal,5akgD0VyDme6NGXi57DfqP,Country Heroes,5.51e-05,0.336,221920,0.87,0.329,9,0.0531,-4.893,1,0.0873,130.127,4,0.0439
4,Lives,Daron Malakian and Scars On Broadway,Metal,6jl3XQPqTMd5d9etAp7kJ2,Lives,0.0102,0.527,245428,0.947,0.0,0,0.163,-1.975,0,0.0399,142.057,4,0.489
5,Medicated,Sevendust,Metal,3Arp7lY86WpQMnrHLXRv6M,Medicated,8.07e-05,0.477,209052,0.925,0.0,10,0.314,-5.219,0,0.158,140.009,4,0.264
6,Rats,Ghost,Metal,5zuY71mWmwarLSzzJHygP2,Rats,6.11e-06,0.522,261573,0.944,0.482,2,0.135,-5.731,0,0.0936,124.029,4,0.236
7,When Legends Rise,Godsmack,Metal,6wt1Y7oZoOPXTsG2calurz,When Legends Rise,0.000277,0.437,172826,0.907,6e-06,4,0.0994,-4.284,0,0.245,124.033,4,0.477
8,Old Fashioned,Madball,Metal,50zwsMOQ19FNmUMtqBMzyf,Old Fashioned,4.2e-05,0.494,130907,0.994,6.69e-05,6,0.19,-4.77,0,0.0511,92.546,4,0.458
9,Sham Pain,Five Finger Death Punch,Metal,03HyPRDdAwvkovBE6XubBC,Sham Pain,0.000176,0.554,209703,0.938,2.9e-06,11,0.147,-4.901,0,0.0532,96.5,4,0.4
10,Kerosene,Burn The Priest,Metal,5MwRlODXZXo2AuPvMAgiY5,Kerosene,3.62e-05,0.436,372804,0.975,0.344,1,0.39,-5.395,0,0.143,199.976,4,0.262
11,Big Tings,Skindred,Metal,1HquAMQ1212Fzp2zBvHlVI,Machine,0.000175,0.454,212020,0.972,0.000645,7,0.238,-2.788,1,0.0999,145.971,4,0.477
12,Persevere,Sink The Ship,Metal,3RzyghmdGPDn6NeEXamC2v,Nail Biter,1.58e-05,0.41,213333,0.994,0.0,9,0.0918,-3.958,0,0.156,135.035,4,0.0813
13,House of Doom,Candlemass,Metal,0MLniYYTnLHcSKytBjR0jj,House of Doom,0.00035,0.211,381413,0.916,0.0137,6,0.108,-6.242,0,0.0638,105.965,3,0.149
14,Dropout,Pallbearer,Metal,1PaejblOMlnQiMUUn85DBF,Dropout,0.000407,0.317,314994,0.894,0.0283,2,0.0813,-5.958,1,0.069,130.301,4,0.375
15,Waste,Zeal & Ardor,Metal,3nPjOr3fbBHzsHNCWnEBC7,Waste,5.22e-05,0.147,199347,0.799,0.845,0,0.252,-5.877,1,0.0756,162.785,4,0.0933
16,Shadowlands,Mos Generator,Metal,7lxPjFRAPmlVkHD6ded89T,Shadowlands,0.000685,0.375,274560,0.969,0.00147,5,0.196,-5.727,0,0.0723,144.329,4,0.676
17,Loyal to the Soil,Wolf King,Metal,5EqVCH2hex0pQHiO0FH9bX,Hail the Ash,2.29e-05,0.343,272500,0.963,0.87,0,0.163,-4.709,1,0.0911,180.061,4,0.108
18,Werwolf,Marduk,Metal,7IoJyfqqHtm6Sq6PPMKilD,Werwolf,2.02e-05,0.412,122880,0.995,9.21e-05,9,0.245,-5.359,1,0.0905,155.012,4,0.183
19,Daggers of Black Haze,At The Gates,Metal,57n95eCpLXKEc6ww9Q2PKR,Daggers of Black Haze,7.35e-06,0.116,283529,0.914,0.775,4,0.128,-6.464,0,0.0524,169.623,4,0.271
20,Shades Ablaze,Aura Noir,Metal,77CdUFrya4BKSHyNQRjsmA,Shades Ablaze,5.44e-06,0.158,176165,0.998,0.253,6,0.357,-3.857,0,0.176,138.528,4,0.0328
21,Party Monster,Siamese,Metal,7iV1VkQhsPrI2h9mPQYDfm,Party Monster,0.00749,0.597,173419,0.866,5.62e-06,4,0.0881,-6.574,0,0.059,154.996,4,0.672
22,A Meditation Upon Death,Nonexist,Metal,0rw4O9dcTXWYNygvsBHnab,A Meditation Upon Death,1.13e-06,0.105,347538,0.884,0.863,7,0.452,-8.288,1,0.0632,177.732,4,0.227
23,Lechery,Nekrokraft,Metal,4Tkz6tlWzQckC7Prr4Q0m6,Lechery,1.33e-06,0.164,314440,0.938,0.214,5,0.159,-5.476,1,0.102,112.516,3,0.0437
24,A Grotesque Reflection,Light This City,Metal,750WF02D3eoxYwCesfsweY,A Grotesque Reflection,6.36e-06,0.445,208873,0.98,0.232,10,0.112,-4.36,0,0.114,102.432,4,0.0997
25,Grave Condition,Blood Tsunami,Metal,6rii5E2Smr3EUf3an3vrAg,Allegory of the Cave,3.73e-05,0.41,177627,0.993,0.328,3,0.0779,-3.831,1,0.103,92.625,4,0.301
26,Hand of the Divine,The Agony Scene,Metal,3A6czTc03gZxTDMVNEVjpa,Hand of the Divine,1.9e-06,0.193,211392,0.986,0.821,2,0.088,-3.9,1,0.0904,95.094,1,0.195
27,Sons Of Salem,Orange Goblin,Metal,2jHJZPMCFUVaYnQBOUiNcU,Sons Of Salem,4.92e-06,0.374,180013,0.902,0.783,0,0.0899,-5.304,0,0.104,107.591,4,0.618
28,Chaos Theory and Practice,Alkaloid,Metal,4XDC57xHtx1kfJuxnbeipB,Chaos Theory and Practice,0.00139,0.252,511011,0.962,4.77e-06,2,0.421,-5.522,0,0.238,112.153,3,0.201
29,Faux Pharaoh,Lucifer,Metal,73fRKpP43h62djNE8wJF2t,Faux Pharaoh,0.0495,0.164,325613,0.789,2.56e-05,9,0.206,-6.604,1,0.0738,144.598,4,0.319
30,Hatred Index,Witch Casket,Metal,1nqxKuZulR8ZfqRtRh4h2X,Hatred Index,1.85e-05,0.475,257200,0.978,0.668,6,0.132,-5.503,1,0.113,116.067,4,0.205
31,Fire Up,Verni,Metal,5iJrCtmkmNNiLLZra5X7YL,Fire Up,0.000599,0.527,240707,0.994,0.000104,2,0.0714,-2.285,1,0.0898,101.983,4,0.449
32,With Man in Charge,Violation Wound,Metal,4kEU9JYj1UsUhXTI3nVgiH,Dangerous Idiot,1.7e-06,0.173,140813,0.983,0.00128,1,0.355,-3.893,1,0.148,185.172,4,0.214
33,The Spark That Moves,Cancer Bats,Metal,7aM5GAbVs78BODFqKh6TJV,Gatekeeper,1.17e-05,0.205,167280,0.977,0.012,5,0.346,-4.18,0,0.204,140.367,4,0.149
34,Eat The Elephant,A Perfect Circle,Metal,4R5kwDx0ryIMiK2PKqbNVY,"So Long, And Thanks For All The Fish",0.00144,0.5,266093,0.873,0.0613,2,0.0715,-3.869,1,0.0369,130.048,4,0.325
35,Celebration of the Twisted,LIK,Metal,7knHTs6yKuh51o2t2wyYWL,Celebration of the Twisted,1.47e-06,0.184,236500,0.992,0.3,0,0.0547,-4.696,1,0.14,150.037,4,0.126
36,False Flags Volume Two,Bad Wolves,Metal,59X92CQE0hfvAYG0dwUXdo,No Masters,4.05e-05,0.495,233095,0.949,0.00167,5,0.328,-4.797,0,0.054,95.959,4,0.501
37,All Light Swallowed,Fragments Of Unbecoming,Metal,3TdSHpP4nLe3YTvqud4fnt,All Light Swallowed,3.71e-05,0.438,265787,0.972,0.00714,1,0.076,-4.408,1,0.127,120.048,4,0.112
38,Take You With Me,Tremonti,Metal,67svM7lM1q4KOKL2B96oeM,Take You With Me,3.01e-06,0.333,259538,0.965,5.2e-06,4,0.259,-3.955,1,0.206,180.099,4,0.424
39,The Level Above Human,Ingested,Metal,0FFI8kPrtI1bWTLyOsLxzi,Invidious,0.000118,0.301,258246,0.981,4.08e-06,9,0.0629,-4.121,1,0.175,134.922,4,0.129
40,Black Flame,Bury Tomorrow,Metal,6REc2Tq4G2RW5zKXtusTLF,Black Flame - Single Edit,5.7e-05,0.376,233964,0.982,5.41e-06,5,0.16,-3.779,0,0.0625,148.926,4,0.15
41,Väsen,Grá,Metal,6thwH4yVycrUyzaBWEWqRj,Till sörjerskorna,1.72e-05,0.313,248000,0.931,0.00845,3,0.149,-9.296,0,0.0517,172.975,4,0.0796
42,Family Tree,Black Stone Cherry,Metal,6tdsMsJFhPLnithLHopS9w,Burnin',4.27e-05,0.56,208747,0.917,0.00576,6,0.111,-3.014,1,0.0402,115.942,4,0.692
43,Father's Son,LIMBS,Metal,30e77p13tVKfY1mVV2bQbs,Father's Son,0.00174,0.44,225442,0.964,4.39e-06,8,0.101,-4.185,1,0.146,119.926,4,0.147
44,The Future,From Ashes to New,Metal,5Cl9GDb0AyQnppRr6q7ldb,Broken,0.000954,0.526,200311,0.903,8.4e-05,2,0.111,-4.59,0,0.0444,144.017,4,0.45
45,Run with the Pack,Issa,Metal,3jB905z3Niu90ooF1bu3IN,Sacrifice Me,0.000164,0.238,245982,0.741,1.14e-06,4,0.0963,-6.798,0,0.0398,187.767,4,0.415
46,Lifestyle,TRC,Metal,4zobz1X0Sv4NVgsbZy6jpu,Moaner,8.82e-05,0.504,189714,0.922,0.0,1,0.344,-3.482,1,0.14,169.963,4,0.327
47,Addict,Heruin,Metal,44GqJ6L6QTZYJHIHeqWzCn,Addict,1.81e-05,0.426,216917,0.962,2.64e-06,9,0.379,-3.452,1,0.0799,74.997,4,0.579
48,Sikiö,Turmion Kätilöt,Metal,0JoXth1ZKFcO7HkKCqsw1i,Sikiö,0.00308,0.476,235933,0.994,0.0,9,0.743,-5.589,1,0.0643,82.524,4,0.619
49,Farewell,Angelus Apatrida,Metal,4YFJUov19mCjCkyHRNl4vD,Farewell,7.78e-05,0.544,384627,0.942,0.0281,1,0.101,-3.517,1,0.0448,119.997,4,0.422
50,Surrogate,The Raven Age,Metal,1NuxmVm3NykaYADimgML7v,Surrogate,9.12e-05,0.513,261000,0.883,0.00141,3,0.326,-4.093,0,0.0457,119.975,4,0.253
51,Hate Me,Beneath The Silence,Metal,7HlkctL4RBmW3EAtP9wkye,Hate Me,0.000118,0.44,289753,0.958,1.62e-05,8,0.392,-4.907,1,0.147,148.024,4,0.324
52,Wrong Direction,Amorphis,Metal,2BYxHRTEpSJyhwzluZLqpA,Wrong Direction,0.00433,0.484,309132,0.976,0.0251,9,0.183,-4.604,0,0.0747,130.082,4,0.254
53,Let Me Love You,Kobra And The Lotus,Metal,7zIgtuQhXpWim5nAXDZcgi,Let Me Love You,1.27e-05,0.424,271600,0.981,0.00961,5,0.0897,-4.23,1,0.0541,153.042,4,0.592
54,Holding My Breath,Alien Weaponry,Metal,5rKNYYab1xRvERXBJ0wb0o,Holding My Breath,0.000156,0.474,274311,0.94,0.00899,7,0.0667,-6.429,1,0.141,174.953,4,0.456
55,Circle of Anger,Sandberg,Metal,6KXCrRVtuWbPms6DgE2cUu,Circle of Anger,0.00621,0.177,239750,0.899,0.000922,1,0.129,-6.522,1,0.0553,60.002,4,0.464
56,Krokodil,Heave Blood & Die,Metal,34H4FAZ801AXdF9zpVsxqZ,Krokodil,3.82e-05,0.129,246644,0.799,0.68,5,0.103,-6.735,1,0.0582,89.462,3,0.335
57,My Midnight Things,Lizzy Borden,Metal,6VDQFrgoZmTR0nKVCFXMtc,My Midnight Things,0.000236,0.45,261378,0.939,0.0,0,0.186,-3.474,0,0.0979,149.973,4,0.281
58,Isolation,Khemmis,Metal,1begpAd1sFGCVXxqg9zszQ,Isolation,6.5e-06,0.263,288021,0.943,0.000258,10,0.147,-4.19,0,0.0454,115.056,4,0.462
59,Fearless,Gus G.,Metal,5ei4t0Agr7hUFzIzQj7SOt,Letting Go,0.000127,0.439,250400,0.934,0.0104,5,0.16,-5.094,0,0.103,162.048,4,0.495
60,Chemical Solution,Odd Palace,Metal,3J7DjOGqwhzdOyQt4zXUzF,Chemical Solution,5.29e-05,0.555,240000,0.798,0.000755,6,0.184,-6.356,0,0.0364,138.026,4,0.403
61,Survive Sunrise - Single,ASG,Metal,60AxESWxEK77yFQ9DGeOFQ,Survive Sunrise,0.000324,0.147,207318,0.682,0.879,5,0.128,-8.325,1,0.0458,101.544,4,0.119
62,700 Club,Fiends,Metal,6dz8HsRysVXdeMRjgsLOfK,700 Club,1.25e-05,0.291,328409,0.978,0.433,10,0.327,-3.179,1,0.156,129.552,4,0.223
63,Sonder,TesseracT,Metal,0AtM8eGmS8imRoJ9Y4La4E,Juno,0.00629,0.584,312789,0.898,0.0102,5,0.139,-6.352,0,0.0477,108.009,3,0.26
64,Ember,Breaking Benjamin,Metal,3e07PcEvFRAE21NIOuNFZ0,Torn in Two,8.64e-05,0.42,257453,0.942,0.0183,8,0.109,-3.626,1,0.19,94.513,4,0.361
65,A Dying Machine,Tremonti,Metal,1Nsc2kfss1hl9bE2t3hzYo,A Dying Machine,5.86e-05,0.461,378607,0.96,4.66e-05,1,0.279,-4.656,0,0.0866,145.057,3,0.309
66,Honeycomb,Deafheaven,Metal,5rm8qWqgvsTMDlREekSiCw,Honeycomb,3.07e-05,0.225,664440,0.962,0.79,2,0.106,-5.214,1,0.105,142.621,4,0.114
67,Scars,LANDMVRKS,Metal,5qgEK0SeIuMikzMvQjOp0M,Scars,1.89e-05,0.431,252923,0.973,0.000185,6,0.0726,-2.981,0,0.0913,130.074,4,0.213
68,The Screen - Single,YOB,Metal,3c1E6jJ5G8tfNP4dckfLqb,The Screen,0.0134,0.615,589833,0.666,0.102,2,0.0764,-6.75,0,0.0363,126.153,3,0.531
69,Your Tongue's Got the Cat,Lordi,Metal,3iACOkH9sYQkQZciP9MmSY,Your Tongue's Got the Cat,7.57e-05,0.521,285898,0.925,6.43e-06,11,0.128,-5.566,0,0.0318,130.076,4,0.323
70,Torn Apart,Of Virtue,Metal,5ufKbkbMS7a5WE9dfFyTjo,Torn Apart,0.000183,0.332,241333,0.981,0.000995,8,0.0975,-2.794,1,0.212,180.187,4,0.25
71,Confessions,GroundCulture,Metal,16QLpYVMQplYAwiIJMvLWp,Confessions,0.000118,0.301,146493,0.974,1.38e-06,7,0.0543,-3.293,1,0.103,160.116,4,0.188
72,Ignite,VENUES,Metal,6PAhL3p8jSgNtDDPVp4nc0,Ignite,0.0158,0.43,256374,0.972,8.23e-06,11,0.0952,-4.259,0,0.176,147.616,4,0.312
73,Era,Bleed From Within,Metal,6pz5cIbHc2Hygoad3qUeGM,Alive,0.000141,0.305,285493,0.973,5.51e-06,4,0.301,-3.466,1,0.109,151.213,4,0.177
74,Silent Killer,Mustasch,Metal,5jLm8MS0pkMrsyR0KdDKz5,Libertà,7.11e-05,0.484,234933,0.948,0.000365,5,0.348,-4.542,1,0.0698,139.95,4,0.154
75,Palo,Kalmah,Metal,1lIdudjAtcX2Va1IfflkMF,The Evil Kin,6.16e-05,0.423,255240,0.985,0.817,6,0.12,-5.48,1,0.0928,147.989,4,0.283
76,Where Owls Know My Name,Rivers of Nihil,Metal,4iDQzPpa7FJ1RYfIGdH49e,The Silent Life,2.37e-05,0.437,394578,0.916,0.8,1,0.306,-6.515,0,0.0657,99.995,4,0.255
77,Lose Yourself,Sharks In Your Mouth,Metal,3YYz8UgH5wK8JzUg0N7vM6,Lose Yourself,0.00227,0.398,309241,0.847,0.0,2,0.105,-4.234,1,0.0816,171.032,4,0.147
78,Guillotine,Kataklysm,Metal,13fQMd0ey4iIf0dNcGtgfV,Guillotine,4.74e-06,0.472,176009,0.983,0.000813,4,0.199,-3.595,1,0.0894,115.035,4,0.225
79,Event Horizon,Deceptic,Metal,1vG7ktxMRX1GAEqxATnhiI,Event Horizon,0.00693,0.381,225829,0.95,1.67e-06,7,0.0677,-6.744,1,0.106,199.916,4,0.231
0,beerbongs & bentleys,Post Malone,Rap,5VuxWXbt7XENQCtE9TzpTv,Spoil My Night,0.337,0.669,194560,0.675,1.5e-05,1,0.109,-2.869,1,0.0337,160.911,4,0.262
1,Nice For What,Drake,Rap,1cTZMwcBJT0Ka3UJPXOeeN,Nice For What,0.0934,0.567,210926,0.913,0.000124,8,0.114,-6.471,1,0.0736,93.35,4,0.792
2,KOD,J. Cole,Rap,7yotKA30dwTKNEGomV9ZsI,KOD,0.21,0.831,191437,0.782,0.0,0,0.113,-6.274,1,0.15,141.869,4,0.199
3,Look Alive (feat. Drake),BlocBoy JB,Rap,4qKcDkK6siZ7Jp1Jb4m0aL,Look Alive (feat. Drake),0.00104,0.922,181263,0.581,5.86e-05,10,0.105,-7.495,1,0.27,140.022,4,0.595
4,1942,G-Eazy,Rap,794QVQtFNy7hvtjQP1keQd,1942,0.0152,0.817,213080,0.646,0.0,4,0.125,-5.12,0,0.249,162.898,4,0.835
5,Culture II,Migos,Rap,6n4U3TlzUGhdSFbUUhTvLP,Walk It Talk It,0.0739,0.909,276147,0.628,0.0,2,0.108,-5.456,1,0.201,145.905,4,0.406
6,2 Vaults (feat. Lil Yachty),Tee Grizzley,Rap,0KmgnnbSO6Iqye27Rdtv13,2 Vaults (feat. Lil Yachty),0.264,0.921,210000,0.586,0.0,8,0.119,-7.77,1,0.406,96.042,4,0.657
7,JAPAN,Famous Dex,Rap,4lTiuD1DwBKo4L7wqMkD7C,JAPAN,0.121,0.733,144149,0.678,0.0,6,0.345,-7.771,1,0.439,175.984,4,0.841
8,Plug Walk,Rich The Kid,Rap,0gD6lWJhbXHWNVwQziSVvl,Plug Walk,0.224,0.882,175511,0.503,0.0,11,0.108,-6.618,1,0.179,95.011,4,0.176
9,Esskeetit,Lil Pump,Rap,44KKhCyI0BGS6LvVyDqJtH,Esskeetit,0.022,0.932,181714,0.506,0.0,11,0.0933,-7.755,1,0.161,139.974,4,0.696
10,Powerglide (feat. Juicy J),Rae Sremmurd,Rap,2yUbCEiaolfSMluDo9RMmG,Powerglide (feat. Juicy J),0.0149,0.712,332301,0.829,0.0,1,0.122,-4.707,0,0.141,173.953,4,0.593
11,KOD,J. Cole,Rap,1AT4xjNarTswd0UZ5FlmKF,Motiv8,0.135,0.869,133922,0.385,0.0,4,0.0931,-7.801,1,0.297,149.897,4,0.596
12,Without Warning,Offset,Rap,7sO5G9EABYOXQKNPNiE9NR,Ric Flair Drip (& Metro Boomin),0.149,0.88,172800,0.428,5.07e-05,9,0.114,-8.28,1,0.206,100.007,4,0.333
13,SAD!,XXXTENTACION,Rap,35ieKju5aLWFN5UgfJ27mL,SAD!,0.258,0.74,166568,0.613,0.00372,8,0.123,-4.88,1,0.145,75.023,4,0.473
14,Pineapple (feat. Gucci Mane & Quavo),Ty Dolla $ign,Rap,0TFVOjSvPTjFHkiZZekK5k,Pineapple (feat. Gucci Mane & Quavo),0.0301,0.964,218261,0.555,0.000567,5,0.128,-6.245,0,0.0499,130.017,4,0.338
15,420 Freestyle,Wiz Khalifa,Rap,3gbN8NCqagIB9JO567Nw5C,420 Freestyle,0.00627,0.923,215172,0.647,0.0,5,0.0855,-5.69,0,0.0715,145.006,4,0.536
16,Creeping (feat. Rich the Kid),Lil Skies,Rap,7ms3VzLTfr7fXNOqA4Mkx9,Creeping (feat. Rich the Kid),0.0108,0.729,179831,0.687,0.0,8,0.162,-8.06,0,0.25,160.085,4,0.683
17,Scary Hours,Drake,Rap,2XW4DbS6NddZxRPm5rMCeY,God's Plan,0.0244,0.753,198960,0.454,5.62e-05,7,0.498,-9.488,1,0.0963,77.17,4,0.344
18,KOD,J. Cole,Rap,2UciqgwVDwro0fev3MFbxJ,ATM,0.115,0.719,216727,0.497,0.0,8,0.0898,-7.661,1,0.681,81.651,4,0.345
19,Psycho (feat. Ty Dolla $ign),Post Malone,Rap,65NwOZqoXny4JxqAPlfxRF,Psycho (feat. Ty Dolla $ign),0.566,0.74,220880,0.558,0.0,8,0.112,-8.115,1,0.102,140.057,4,0.421
20,Guatemala (feat. Slim Jxmmi),Swae Lee,Rap,6sTDhYVVXU3HSDuG7mBLRU,Guatemala (feat. Slim Jxmmi),0.185,0.849,256341,0.699,0.00118,4,0.0954,-5.193,0,0.0574,100.989,4,0.0778
21,Aries (YuGo) Part 2 (with Rae Sremmurd & Big Sean feat. Quavo & Pharrell),Mike WiLL Made-It,Rap,5NkfVQS8BkceRgoSQwcW6H,Aries (YuGo) Part 2 (with Rae Sremmurd & Big Sean feat. Quavo & Pharrell),0.128,0.871,273087,0.552,0.0,4,0.272,-4.953,0,0.0509,141.973,4,0.27
22,Who Run It (Remix),G Herbo,Rap,36fmvm49vZC9VM5X2DQJVe,Who Run It (Remix) [Feat. Lil Uzi Vert],0.0412,0.669,263343,0.809,0.0,6,0.378,-5.718,0,0.296,159.364,4,0.605
23,Diamond Teeth Samurai,YoungBoy Never Broke Again,Rap,3tdGYraExDxOA5js4hVRbA,Diamond Teeth Samurai,0.00451,0.799,162488,0.659,0.0,10,0.13,-5.593,0,0.272,177.957,4,0.256
24,Chun-Li,Nicki Minaj,Rap,2gTYVoQCUh0QNUaFix01ld,Chun-Li,0.307,0.643,191606,0.766,1.38e-05,6,0.107,-4.788,0,0.384,97.092,4,0.463
25,Bad Company,A$AP Rocky,Rap,3ZYwSDF9knZI0RVlKR4PHC,Bad Company,0.0679,0.901,183809,0.529,0.0,8,0.536,-7.94,1,0.413,144.941,4,0.343
26,TOTAL XANARCHY,Lil Xan,Rap,5J3LR9JWrZIUTG7UGZkIKg,Slingshot,0.0562,0.928,89973,0.778,6.27e-06,7,0.129,-6.962,0,0.252,122.998,4,0.668
27,Hear No Evil,Young Thug,Rap,5I30ByMf5nhgbSokY1EZiN,Anybody (feat. Nicki Minaj),0.0381,0.901,254947,0.472,0.0,11,0.11,-8.416,0,0.194,120.0,4,0.479
28,"King's Dead (with Kendrick Lamar, Future & James Blake)",Jay Rock,Rap,51rXHuKN8Loc4sUlKPODgH,"King's Dead (with Kendrick Lamar, Future & James Blake)",0.000874,0.563,229670,0.717,0.0,1,0.183,-5.186,1,0.337,82.064,4,0.427
29,Outside Today,YoungBoy Never Broke Again,Rap,5Qx9hngUBr30JFrNua7yp4,Outside Today,0.26,0.838,128908,0.676,0.0,11,0.105,-5.521,0,0.0682,134.054,4,0.146
30,Life of a Dark Rose,Lil Skies,Rap,3ZhTT6yjZwpPph5MIJ53XY,Red Roses (feat. Landon Cube),0.547,0.691,262544,0.683,0.0,0,0.221,-7.335,1,0.0954,140.002,4,0.456
31,A$AP Forever,A$AP Rocky,Rap,1YmF9PvLhIISIANoMLIYGq,A$AP Forever,0.224,0.469,233061,0.78,0.0,10,0.13,-6.49,0,0.122,125.999,4,0.444
32,The World Is Yours,Rich The Kid,Rap,0qFX9pVJQB4lBMxRoFXqGr,End Of Discussion (feat. Lil Wayne),0.176,0.784,236944,0.58,0.0,0,0.0979,-6.656,1,0.167,76.484,4,0.338
33,Bounce Out With That,YBN Nahmir,Rap,5lZsh9Qf7CbHI9Fcc7Zcsq,Bounce Out With That,0.037,0.865,97202,0.652,0.0,8,0.0925,-8.218,1,0.105,94.946,4,0.372
34,123 (with Murda Beatz),Smokepurpp,Rap,2xCzUIQwX5Y3wEFJnHoc3J,123 (with Murda Beatz),0.196,0.88,170000,0.61,0.0,9,0.105,-5.257,1,0.402,135.993,4,0.383
35,Black Panther The Album Music From And Inspired By,SOB X RBE,Rap,2tPcTFiQF9MbVUyjZ3zDhA,Paramedic!,0.155,0.859,219307,0.651,0.0,1,0.14,-5.395,1,0.124,97.053,4,0.487
36,KOLORBLIND,DJ Esco,Rap,5SGYanjZguKYg5PgVzFsvR,Chek,0.199,0.879,202861,0.617,0.0,1,0.264,-6.333,1,0.254,144.399,4,0.345
37,We Don't Luv Em (Remix),HoodRich Pablo Juan,Rap,2Y43TDqgnRgVZA7RxtxEV1,We Don't Luv Em (Remix),0.293,0.896,193776,0.615,0.0,6,0.122,-9.326,0,0.326,140.04,4,0.89
38,Maintain,Belly,Rap,1k9B8MqhGKbVV3dTpwUxn5,Maintain,0.333,0.878,216240,0.62,0.0,2,0.391,-5.485,1,0.112,133.027,4,0.218
39,Barbie Tingz,Nicki Minaj,Rap,2qsQ8eVDPmobZpvDxQCVQu,Barbie Tingz,0.0849,0.917,191700,0.689,0.0,6,0.603,-6.225,1,0.264,102.414,4,0.443
40,Chanel (feat. Swae Lee & Pharrell),Slim Jxmmi,Rap,5D0YYVfsYxLmcrVAfoBPxR,Chanel (feat. Swae Lee & Pharrell),0.0055,0.98,264001,0.713,0.0,5,0.106,-4.98,1,0.0468,125.03,4,0.67
41,Invasion of Privacy,Cardi B,Rap,17Yq72h0p15OhCbZ5lJ5gd,Bickenhead,0.154,0.884,181624,0.814,1.67e-06,7,0.158,-5.333,1,0.303,155.938,4,0.907
42,Rover 2.0 (feat. 21 Savage),BlocBoy JB,Rap,7sB2rmolvEt77KFPCraSNc,Rover 2.0,0.189,0.914,275872,0.781,0.0,9,0.126,-5.467,0,0.302,140.09,4,0.806
43,MEMORIES DON'T DIE,Tory Lanez,Rap,6dnrppGRbt8fie18Lcd9Dd,B.I.D,0.102,0.757,164133,0.694,0.0,10,0.0893,-5.639,0,0.0942,154.969,4,0.544
44,The Play Don’t Care Who Makes It,2 Chainz,Rap,365wwIjijQdlRJEjUWTidq,PROUD,0.738,0.781,234667,0.81,0.0,10,0.144,-4.301,0,0.356,173.949,4,0.908
45,Suu Whoop,YG,Rap,1pWeQDyW5ieMmfjr8HP5TU,Suu Whoop,0.0326,0.799,185200,0.325,3.53e-05,2,0.114,-9.91,1,0.506,157.966,4,0.233
46,Lil Boat 2,Lil Yachty,Rap,6tarvNiKnEjYMj1VZhlDqR,66,0.0455,0.667,153475,0.723,0.000179,5,0.213,-4.31,0,0.27,148.057,4,0.251
47,Top Off,DJ Khaled,Rap,1W6wxOOYyJyyok8fqYSZ3m,Top Off,0.0107,0.573,230713,0.591,0.0,11,0.455,-6.715,0,0.331,86.721,5,0.232
48,OKRA,"Tyler, The Creator",Rap,74ZovzRxHBvCq5yIwe8boh,OKRA,0.0456,0.589,151027,0.57,1.51e-06,1,0.137,-9.54,1,0.361,136.203,4,0.441
49,Solitaire (feat. Migos & Lil Yachty),Gucci Mane,Rap,3DxZfFYJLwKDJtUwnLEhkL,Solitaire (feat. Migos & Lil Yachty),0.0271,0.811,139130,0.54,0.0,11,0.106,-7.977,0,0.329,138.016,4,0.436
0,This One's for You,Luke Combs,Country,4gB7HrYHbJVJ5RFOjxmoq4,One Number Away,0.00585,0.544,221800,0.781,0.0,6,0.191,-6.16,0,0.0311,144.075,4,0.527
1,Hooked,Dylan Scott,Country,6LF5IVPG7xBcvPgI6Bfcsl,Hooked,0.0362,0.597,149293,0.721,0.0,9,0.0832,-6.422,1,0.0356,132.054,4,0.437
2,Babe,Sugarland,Country,5FNeJveCmVB2TPDbIYqK0M,Babe,0.0187,0.535,215107,0.777,1.62e-06,4,0.136,-3.292,1,0.207,171.72,4,0.664
3,Something 'Bout You,Sir Rosevelt,Country,6QkObBYNxVVUYt4FSpnTqY,Something 'Bout You,0.189,0.692,160107,0.692,0.0,2,0.0884,-6.065,1,0.0818,153.255,4,0.75
4,Jake Owen,Jake Owen,Country,52K3RIVDetSuZPzcTmIVoY,I Was Jack (You Were Diane),0.102,0.603,188013,0.872,0.0,6,0.0505,-3.563,1,0.0487,94.008,4,0.594
5,Life Changes,Thomas Rhett,Country,0wyja8xD9cNhDtfuY0dVMP,Leave Right Now,0.00651,0.474,195667,0.583,0.0,4,0.128,-7.093,1,0.0469,148.051,4,0.366
6,Never Be the Same (feat. Kane Brown),Camila Cabello,Country,0xk4woi8ENN8VWFDZTcF8h,Never Be the Same (feat. Kane Brown),0.238,0.6,225539,0.671,0.0,0,0.164,-4.875,1,0.0893,129.782,4,0.25
7,Up Down (Feat. Florida Georgia Line),Morgan Wallen,Country,3LhzpgimYSZhTx5KuchwVX,Up Down (Feat. Florida Georgia Line),0.0913,0.59,196240,0.881,0.0,6,0.157,-2.898,1,0.0349,129.928,4,0.734
8,Dear Life,High Valley,Country,2p2cCrOaNrIOLk5ArtlHy6,She's With Me,0.0285,0.599,180302,0.931,0.0,11,0.102,-3.662,1,0.0517,111.012,4,0.788
9,"Woman, Amen",Dierks Bentley,Country,4YX7OBp0yoMwC6eZNNg5ky,"Woman, Amen",0.00101,0.563,180243,0.772,1.95e-05,5,0.214,-6.737,1,0.0593,119.909,4,0.394
10,Break Up in the End,Cole Swindell,Country,7uVkYr8gxcPEgqohvynpdN,Break Up in the End,0.456,0.51,199436,0.386,0.0,1,0.252,-8.391,1,0.0307,86.36,4,0.266
11,Speakers,Brandon Lay,Country,0Is6MRHWKe7y2xIxDkvO6l,"Speakers, Bleachers And Preachers",0.302,0.603,192920,0.625,0.0,6,0.141,-6.563,1,0.0258,96.02,4,0.651
12,Rearview Town,Jason Aldean,Country,3yHTTHbT058Ow0favhZO38,Rearview Town,0.023,0.526,184173,0.85,0.0,10,0.0948,-4.47,0,0.0313,141.973,4,0.338
13,reputation,Taylor Swift,Country,6NFyWDv5CjfwuzoCkw47Xf,Delicate,0.228,0.745,232253,0.41,0.000383,9,0.0906,-10.212,0,0.0779,95.022,4,0.0596
14,Life Changes,Thomas Rhett,Country,30MM5jWpUmOxtTNd9Ey5LZ,Unforgettable,0.032,0.663,157080,0.738,0.000225,7,0.0856,-5.48,1,0.0303,130.02,4,0.825
15,Parallel Line,Keith Urban,Country,6W4DY8jGf8POlFsMQhR2E6,Parallel Line,0.204,0.617,253084,0.482,0.0,0,0.216,-5.121,1,0.0322,81.73,4,0.508
16,Mabelle - EP,Seth Ennis,Country,7AK5vh1cRnO3YxAjOjL4Yy,Look At You,0.042,0.687,195418,0.625,0.0,1,0.151,-6.942,0,0.0284,104.027,4,0.866
17,This One's for You,Luke Combs,Country,5gfK6bZFaApxdSHsHXrwPD,Be Careful What You Wish For,0.0106,0.501,175493,0.876,0.0,3,0.135,-4.792,1,0.0404,159.025,4,0.681
18,Austin Burke,Austin Burke,Country,5H4YGepZNnPhnOHA9vZSEP,Whole Lot in Love,0.353,0.791,166787,0.715,0.0,7,0.115,-5.809,1,0.0377,112.027,4,0.593
19,Kiss Somebody,Morgan Evans,Country,1mJMD1VIQ7jWTP9DK2zmY0,Kiss Somebody,0.143,0.492,212445,0.681,0.0,6,0.199,-7.038,1,0.075,178.01,4,0.511
20,The Long Way,Brett Eldredge,Country,1KTLLe980WR4RLKg74Ud6e,The Long Way,0.265,0.488,208653,0.637,0.0,10,0.106,-7.63,1,0.0401,88.872,4,0.23
21,Shoot Me Straight (Radio Edit),Brothers Osborne,Country,0ya80Qhw7hgeJp2L6zvxcj,Shoot Me Straight - Radio Edit,0.00766,0.636,207053,0.784,1.07e-05,2,0.0806,-6.01,1,0.0454,96.996,4,0.613
22,Famous,Mason Ramsey,Country,2HGymMoOdB4ZYv0AAqYmgF,Famous,0.708,0.534,192520,0.815,0.0,5,0.111,-2.815,1,0.0278,159.848,4,0.564
23,You Make It Easy,Jason Aldean,Country,2ZxTjs4EdJl4Y9YByIiNoo,You Make It Easy,0.143,0.375,196800,0.574,0.0,7,0.11,-5.305,1,0.0315,132.025,3,0.406
24,This One's for You,Luke Combs,Country,1mMLMZYXkMueg65jRRWG1l,When It Rains It Pours,0.013,0.551,240760,0.801,6.03e-06,6,0.265,-5.069,1,0.0303,128.027,4,0.625
25,Eyes On You,Chase Rice,Country,2u7Nm46dAujcAi5Rw79CJL,Eyes On You,0.323,0.606,182493,0.652,0.0,9,0.201,-6.982,1,0.0281,97.155,4,0.476
26,Cry Pretty,Carrie Underwood,Country,47gqRMoIkFm7Rac86xZVh7,Cry Pretty,0.00495,0.351,246467,0.736,0.0,6,0.109,-3.318,1,0.0459,140.299,3,0.237
27,Say Something,Justin Timberlake,Country,09ts3GnICqYEU5PkQCpJK3,Say Something,0.103,0.707,278893,0.632,1.09e-05,10,0.0841,-7.031,1,0.0789,97.04,4,0.372
28,Happens Like That,Granger Smith,Country,5Zx1zVpDJsNgyY3HvNfsfC,Happens Like That,0.189,0.557,171493,0.807,0.0,7,0.234,-5.428,1,0.0825,81.045,4,0.578
29,Hallelujah Nights,LANCO,Country,77a5Eu7lC3tG0Sukt2O91U,Born to Love You,0.13,0.659,230013,0.902,9.45e-05,7,0.0574,-6.192,1,0.0296,124.985,4,0.809
30,Keeper of the Flame (Radio Edit),Miranda Lambert,Country,6Hey64wSB5r98RMd4ozzsy,Keeper of the Flame - Radio Edit,0.303,0.631,219945,0.662,6.18e-06,6,0.17,-6.392,1,0.0326,116.563,4,0.268
31,Slower,Filmore,Country,7M1PQZeyqslVtY5ZiYBGLo,Slower,0.107,0.687,172534,0.75,3.05e-06,11,0.161,-4.537,1,0.0965,98.987,4,0.911
32,Losing Sleep,Chris Young,Country,6CyJlVAEFlNdpggOLanytL,Hangin' On,0.0651,0.434,185440,0.831,0.0,8,0.119,-4.774,1,0.0453,156.034,4,0.596
33,Caught Up In The Country,Rodney Atkins,Country,2BgunkkepMPFpArQj1Dx5s,Caught Up In The Country,0.00719,0.564,160991,0.904,0.0,7,0.528,-3.808,1,0.0582,124.102,4,0.637
34,Golden Hour,Kacey Musgraves,Country,30VHURM5NOfoZmqp2iKawS,Butterflies,0.252,0.689,219053,0.614,1.95e-05,4,0.178,-6.137,0,0.0306,141.97,4,0.411
35,All On Me,Devin Dawson,Country,2Nc8Imt04W3ZmcBF8dPQKc,All On Me,0.144,0.631,227573,0.658,0.0,5,0.22,-5.313,1,0.0281,80.996,4,0.7
36,Yours,Russell Dickerson,Country,6RSNKGdv3nDTHqgw4bdzyF,Yours,0.119,0.555,216960,0.722,0.0,11,0.0861,-6.005,1,0.034,134.058,4,0.559
37,Hello Beautiful,Noah Schnacky,Country,4pYd8dIohiqc3KsxSRqf0w,Hello Beautiful,0.54,0.504,216993,0.472,0.0,9,0.306,-6.925,1,0.0404,73.521,4,0.313
38,Life Changes,Thomas Rhett,Country,4Vxu50qVrQcycjRyJQaZLC,Life Changes,0.105,0.687,190227,0.842,0.0,7,0.0436,-4.382,1,0.058,87.968,4,0.778
39,Texoma Shore,Blake Shelton,Country,5slddJ629YcePvqD6Uyk8r,I Lived It,0.476,0.557,219600,0.571,0.00114,10,0.101,-8.106,1,0.0281,80.981,4,0.392
40,Coming Home,Keith Urban,Country,7qLE35vc5XvUVrm8Kg9Vmx,Coming Home,0.204,0.384,214728,0.705,4.66e-06,4,0.0686,-6.949,1,0.243,89.572,4,0.522
41,Kane Brown (Deluxe Edition),Kane Brown,Country,1HXy5I3HTWq8OvxCn0z7G7,Heaven,0.263,0.677,179507,0.556,0.0,9,0.105,-6.544,1,0.0306,80.009,4,0.521
42,Current Mood,Dustin Lynch,Country,7rdK9NSJIRBZAiXC0vuBS9,I'd Be Jealous Too,0.0896,0.716,185707,0.718,0.0,0,0.473,-5.355,1,0.0293,100.934,4,0.537
43,Heart Break,Lady Antebellum,Country,3YZ5TNGA10oTLaADq4zuNV,Heart Break,0.0486,0.512,188293,0.88,1.45e-05,2,0.313,-5.47,1,0.0369,167.979,4,0.696
44,Written in the Sand,Old Dominion,Country,6usHXaTn54uwwozmH00d3X,Written in the Sand,0.593,0.725,184080,0.437,0.0,6,0.0842,-9.602,1,0.0575,83.985,4,0.759
45,Tequila,Dan + Shay,Country,7Il2yWQmsqKgSkLQvHTPUI,Tequila,0.0292,0.474,195987,0.594,0.0,11,0.133,-5.756,1,0.0289,86.131,4,0.503
46,Life Changes,Thomas Rhett,Country,0OWZFobGSIW9GrSlQ9C5pc,Marry Me,0.113,0.588,205453,0.408,0.0,3,0.13,-8.662,1,0.0237,85.008,4,0.484
47,All Your Fault: Pt. 2,Bebe Rexha,Country,7iDa6hUg2VgEL1o1HjmfBn,Meant to Be (feat. Florida Georgia Line),0.047,0.643,163870,0.783,0.0,10,0.083,-6.458,1,0.0856,154.084,4,0.579
48,Mitchell Tenpenny - EP,Mitchell Tenpenny,Country,3N2AIfVOq6NiTcWHIP4Oco,Drunk Me,0.201,0.386,213024,0.799,0.0,2,0.103,-3.789,1,0.0555,86.333,4,0.391
49,Unapologetically,Kelsea Ballerini,Country,4Bzs0eTQVVJxBSz4ljzics,I Hate Love Songs,0.252,0.384,191187,0.446,0.0,11,0.185,-7.807,1,0.0299,180.181,3,0.399
50,Singles You Up,Jordan Davis,Country,3IPkbTA8KkdDXyWtGkfFXa,Singles You Up,0.0441,0.489,182693,0.9,0.0,7,0.247,-3.563,1,0.0488,200.054,4,0.611
51,Take Back Home Girl (Feat. Tori Kelly),Chris Lane,Country,2gVBXeTjwL0ZEh9gjsQjk0,Take Back Home Girl (Feat. Tori Kelly),0.368,0.494,211427,0.78,0.0,11,0.0921,-3.825,1,0.064,159.708,4,0.664
52,Get Along,Kenny Chesney,Country,2ZFrEp20VO25BXYhMxh0GW,Get Along,0.0997,0.602,199627,0.805,0.0,7,0.172,-6.079,1,0.0473,92.401,4,0.322
53,Josh Mirenda,Josh Mirenda,Country,1dbRZljBhUrIFrpLTXOXqq,I Got You,0.081,0.49,170440,0.88,0.0,7,0.103,-5.185,1,0.0731,91.93,4,0.493
54,California Sunrise,Jon Pardi,Country,1Be8liECvEP5NYZjYvukbI,She Ain't In It,0.123,0.56,198467,0.679,2.46e-05,5,0.224,-4.527,1,0.0236,92.928,4,0.622
55,What Makes You Country,Luke Bryan,Country,79LAFAkR1ATb4iIQvZuCL0,Most People Are Good,0.174,0.582,221801,0.728,0.0,8,0.139,-6.151,1,0.0292,150.013,4,0.537
0,The Gap of Dreams,Altan,Acoustic,5OPoGFel9ubOb09aQT55yw,Port Alex,0.86,0.606,142252,0.232,0.812,7,0.117,-18.124,1,0.0929,177.822,4,0.641
1,Don't Let Me Down,Joy Williams,Acoustic,18RRTF9SbEOM9h3aoMKeNc,Don't Let Me Down (Instrumental),0.994,0.702,180419,0.0466,0.97,11,0.091,-22.9,1,0.0676,132.039,4,0.132
2,"Bob Marley: No Woman, No Cry (Arr. Cello)",Sheku Kanneh-Mason,Acoustic,1JUkO4vVk4LcvwP9sWBBRM,"No Woman, No Cry (Arr. Cello)",0.98,0.285,146019,0.0227,0.146,2,0.117,-27.431,1,0.0556,79.856,4,0.206
3,Spotify Singles,Lindsey Stirling,Acoustic,1VK5JYdgrJZENDl1taa2cS,7 Years (Acoustic) - Recorded at Spotify Studios Nyc,0.736,0.366,147427,0.493,0.000457,10,0.106,-7.414,1,0.0503,116.031,4,0.306
4,Young Folks,City of the Sun,Acoustic,2R5k6cUbYlhJfZGO1erVMV,Young Folks,0.796,0.731,284286,0.482,0.945,0,0.0788,-10.771,1,0.0291,125.999,4,0.225
5,Blossom,Alan Gogoll,Acoustic,3Zb3SXZdtyNA0Cdq0DWLeC,Chime,0.516,0.55,106286,0.327,0.819,1,0.115,-22.131,1,0.0441,121.806,4,0.713
6,Shake It Off: Instrumental Guitar Covers of Pop Hits,Steve Petrunak,Acoustic,1HVLmKLkPyFbfO4IyLksG7,Chandelier (Instrumental Version),0.959,0.375,213109,0.414,0.898,1,0.102,-7.26,1,0.0476,84.793,4,0.376
7,Acoustic Chart Hits On Guitar (A Smooth Session),The Man on Guitar,Acoustic,4DQPbY5zjuRKDndrswinwP,Am I Wrong - Acoustic Guitar Version,0.672,0.828,183967,0.372,0.877,1,0.109,-10.967,0,0.0909,121.027,4,0.569
8,Aetherlight (Instrumental Version),Mt. Wolf,Acoustic,31W8L9o3Tr4c2QdIwQ98Wz,Tucana - Instrumental,0.656,0.648,156360,0.399,0.798,4,0.0901,-13.197,1,0.0418,84.064,4,0.151
9,Current Pop Hits: Instrumental Versions,The O'Neill Brothers Group,Acoustic,6BkxPaEx2a10JGV4364hCh,Little Talks (Instrumental Version),0.921,0.705,217417,0.258,0.943,1,0.127,-11.161,1,0.0363,101.967,4,0.239
10,Acoustic Chart Hits On Guitar (A Smooth Session),The Man on Guitar,Acoustic,5m9DeYXRRC7w6sWJdZ6qz7,Rather Be - Acoustic Guitar Version,0.812,0.79,230000,0.569,0.899,8,0.0975,-6.117,0,0.0554,122.04,4,0.435
11,"Wake Me Up When Its All Over (AVICII, Aloe Blacc, Rihanna, Avicci Covers)",Gavin Mikhail,Acoustic,2WbkiKZxUoXd3ByUrUaRZo,Stay (Instrumental),0.995,0.671,242473,0.46,0.951,9,0.129,-13.887,0,0.0489,112.003,4,0.775
12,"Piano Covers, Vol 6: Starboy",Niko Kotoulas,Acoustic,6waC3wIDE2P3iS14uHzdp5,Starboy,0.957,0.257,252187,0.474,0.856,9,0.125,-10.698,0,0.0352,93.589,4,0.241
13,Apologize an Acoustic Tribute to One Republic,Will Taylor and Strings Attached,Acoustic,0fP8S6WD9NBX3KzGJpLfkC,Apologize an Acoustic Tribute to One Republic,0.922,0.478,170630,0.296,0.854,9,0.112,-14.341,0,0.0513,135.318,4,0.253
14,Current Pop Hits: Instrumental Versions,The O'Neill Brothers Group,Acoustic,1ZqYhYRDzSuuIypKZXaFZT,Young & Beautiful (Instrumental Version),0.987,0.497,223478,0.174,0.917,11,0.147,-14.468,0,0.0332,115.485,4,0.128
15,Skinny Love,David Fischbein,Acoustic,2qhsUyXlhgQUfFNSR6ayuS,Skinny Love,0.989,0.505,253567,0.029,0.895,6,0.0989,-22.933,1,0.041,66.014,4,0.114
16,Let Her Go,David Fischbein,Acoustic,2fIVdzd4JW4HnwzqrvCysf,Let Her Go,0.989,0.257,192727,0.0317,0.944,8,0.16,-23.03,1,0.0424,205.506,4,0.268
17,Zoukelele,Jon Sanders,Acoustic,35BrErF6VAIne3YqPfyvDh,Wolf Whistle (feat. Dave Alley & Dave Khan),0.895,0.746,243960,0.126,0.427,7,0.0947,-13.982,1,0.0488,106.825,4,0.448
18,Novö Piano,Maxence Cyrin,Acoustic,6fh2YS29IrmW1yCHMlTDTM,Crazy in Love,0.937,0.233,232160,0.3,0.896,2,0.105,-15.242,0,0.035,170.816,4,0.034
19,I Will Wait For You (Mumford & Sons Covers),Gavin Mikhail,Acoustic,6ku8wWIPgkVW21HSQk6tjH,I Will Wait (Instrumental),0.973,0.438,275628,0.52,0.88,1,0.115,-9.908,1,0.0412,133.038,4,0.192
20,"The Collection, Volume 4",David Sides,Acoustic,4rY9mVRJWkb1zi7poObces,Chasing Cars,0.989,0.526,272363,0.246,0.901,9,0.0972,-23.915,1,0.0436,99.977,4,0.191
21,Shake It Off: Instrumental Guitar Covers of Pop Hits,Steve Petrunak,Acoustic,3MRrI9xd9mkxLFWCFcwmAb,Rude (Instrumental Version),0.942,0.717,221751,0.518,0.85,1,0.139,-6.539,1,0.0447,143.779,4,0.627
22,"The Collection, Volume 4",David Sides,Acoustic,0EF2bRraxKDVqEDSg7OKYJ,Viva La Vida,0.959,0.657,244020,0.323,0.776,5,0.11,-17.188,0,0.0453,137.0,4,0.301
23,Shake It Off: Instrumental Guitar Covers of Pop Hits,Steve Petrunak,Acoustic,3CK264UGtEvPpbvVEadVIP,Maps (Instrumental Version),0.981,0.736,190573,0.534,0.866,1,0.198,-7.926,0,0.0705,119.95,4,0.696
24,Westworld: Season 1 (Selections from the HBO® Series),Ramin Djawadi,Acoustic,2EqLuzLRumAUy1A90UV2rz,No Surprises,0.939,0.753,242520,0.327,0.822,5,0.0829,-14.524,1,0.0672,139.987,4,0.552
25,"Piano Covers, Vol. 4",The Theorist,Acoustic,7hrWRhCCAE7kBfVBkXLEdT,Hotline Bling (Piano Arrangement),0.98,0.425,232229,0.226,0.915,5,0.0961,-16.979,1,0.0412,125.398,4,0.0663
26,Shake It Off: Instrumental Guitar Covers of Pop Hits,Steve Petrunak,Acoustic,3AEV3hR5adfBog5CLhsWVS,Cool Kids (Instrumental Version),0.909,0.761,242505,0.469,0.864,8,0.13,-7.674,1,0.0558,130.076,4,0.554
27,Finest Selection of Acoustic Guitar Hits,The Man on Guitar,Acoustic,0ATgOdkIvNNgpTnZJQp4Ck,Prayer in C - Acoustic Guitar Version,0.128,0.886,203522,0.43,0.879,0,0.0604,-12.156,1,0.118,122.999,4,0.378
28,Deadeye,The Ballroom Thieves,Acoustic,0qlwfXNM5YTxYzLMtZuTym,La Mer Peu Profonde,0.833,0.543,60387,0.148,0.881,5,0.11,-17.457,1,0.0693,134.084,4,0.421
29,"Wake Me Up When Its All Over (AVICII, Aloe Blacc, Rihanna, Avicci Covers)",Gavin Mikhail,Acoustic,6JIViGhL0pnDwDNlWqUmyz,Wake Me Up (Instrumental),0.983,0.256,260551,0.395,0.872,8,0.174,-12.036,1,0.054,178.171,3,0.151
30,Game of Thrones Medley,2Cellos,Acoustic,0LLK7yaku9bb3QAuf3py93,Game of Thrones Medley,0.934,0.119,304227,0.594,0.91,5,0.105,-9.736,0,0.0565,84.566,4,0.147
31,The Guitar Covers,Ely Jaffe,Acoustic,4uEWUbAmN8CY8GwGEfVFTv,Coming Home,0.323,0.537,167868,0.514,0.000113,11,0.0869,-6.247,0,0.0524,136.545,4,0.462
32,Shake It Off: Instrumental Guitar Covers of Pop Hits,Steve Petrunak,Acoustic,16MH7WjEbCNGzH9PrIMgfi,Habits (Stay High) [Instrumental Version],0.911,0.738,209925,0.547,0.89,5,0.112,-8.592,1,0.0468,110.015,4,0.22
33,Ukulele Surf Style (Acoustic Style Covers),The Smooth Day Sessions,Acoustic,2QI0djAPzksbQQiQZH5vqU,The Lazy Song,0.799,0.712,192836,0.481,0.83,11,0.0835,-12.396,1,0.0938,174.961,4,0.747
34,Wrecking Ball,Bernard Dubicki,Acoustic,602bRvSIzuRyPUllVvhwUA,Wrecking Ball,0.993,0.401,260576,0.0652,0.917,9,0.103,-22.219,1,0.0476,199.585,4,0.157
35,All of Me (Piano Cover),Ellen Courtois,Acoustic,6p711pj5pLIa6mVJrk2PAx,All of Me,0.968,0.603,234543,0.0945,0.927,5,0.114,-19.221,1,0.0366,71.972,5,0.0727
36,Current Pop Hits: Instrumental Versions,The O'Neill Brothers Group,Acoustic,3zk7fxSrDMzWGtp5Mh7k2J,When I Was Your Man (Instrumental Version),0.846,0.569,210860,0.211,0.891,7,0.107,-13.589,1,0.0316,147.865,4,0.175
37,Current Pop Hits: Instrumental Versions,The O'Neill Brothers Group,Acoustic,3UUmzrGEeNZoffRWu7gKrJ,Little Lion Man (Instrumental Version),0.501,0.532,211952,0.415,0.922,5,0.105,-14.672,1,0.0296,141.827,4,0.266
38,Guitar Classics,The Man on Guitar,Acoustic,31KYw8j2NCgeDaTWrlTm0D,Californication - Acoustic Guitar Cover,0.927,0.642,206234,0.281,0.87,9,0.0952,-12.216,0,0.0569,171.883,4,0.275
39,Missile Bell {part 2 - the studio cd},Trace Bundy,Acoustic,1OyrFYSp3fnpXakgTz4yxw,Sweet Child O' Mine,0.792,0.657,264720,0.399,0.913,7,0.151,-11.974,1,0.0407,113.973,4,0.726
40,The Piano Guys,The Piano Guys,Acoustic,0E0xI4AgMNU7UkwBt3FCVN,A Thousand Years,0.989,0.23,275973,0.217,0.892,10,0.0844,-13.464,1,0.0386,157.084,3,0.156
41,Instrumental Versions of New Pop Hits,Instrumental Pop Players,Acoustic,17ByZJPIM4RoKxeWbKtltD,I'm Yours,0.498,0.557,249130,0.441,0.797,11,0.141,-8.27,1,0.0393,154.115,4,0.37
42,Westworld: Season 1 (Selections from the HBO® Series),Ramin Djawadi,Acoustic,7Ap7h823EAc1GBj6JKHBEK,Black Hole Sun,0.985,0.759,148760,0.253,0.887,5,0.112,-15.709,0,0.0507,98.984,4,0.266
43,Acoustic Guitar Plays New Pop Music: She Will Be Loved,Acoustic Guitar Tribute Players,Acoustic,0oqAf7pxrRFIj9hlebCRAQ,"Hey, Soul Sister",0.761,0.654,216921,0.593,0.883,4,0.0843,-6.529,1,0.0482,97.006,4,0.483
44,Music,David Garrett,Acoustic,4qEPcXwif4thULut32oPqK,Cry Me A River,0.542,0.57,195784,0.486,0.588,8,0.116,-9.283,0,0.0474,76.968,4,0.656
45,You Found Me - Instrumental Pop Songs,Instrumental Pop Songs,Acoustic,6Ku0bY5NhoSq9kU1fYz8BH,Use Somebody,0.887,0.75,232548,0.31,0.907,5,0.128,-12.534,1,0.0658,133.921,4,0.218
46,"On the Voice of Guitar, Vol. II",Ely Jaffe,Acoustic,31J06ok5AORJFFF3xDVste,Skyfall,0.522,0.531,205411,0.424,0.891,0,0.158,-4.393,0,0.0303,76.072,4,0.0919
47,All Of Me,Alison Sparrow,Acoustic,2vcvckOg239y6j18Ei3JV0,All Of Me Violin Cover,0.904,0.491,281428,0.239,2.33e-05,8,0.0823,-13.648,1,0.0352,125.865,4,0.198
48,3/4 AD,Davy Graham,Acoustic,2wxpgRChMOPsE9lebeEzMj,Angi,0.961,0.475,147067,0.0703,0.891,0,0.13,-22.699,0,0.0465,153.597,4,0.497
49,Current Pop Hits: Instrumental Versions,The O'Neill Brothers Group,Acoustic,7MfTO5QDPGGWD846Ar0Sva,Stay (Instrumental Version),0.436,0.796,215719,0.415,0.797,9,0.108,-13.755,0,0.0508,120.999,4,0.572
50,Spectrum (Say My Name) (Florence + The Machine Cover),Gavin Mikhail,Acoustic,5EufMaUYHnFgnNE3C2wLd0,The A Team (Angels To Fly) (Instrumental),0.986,0.554,291424,0.312,0.927,8,0.112,-16.227,1,0.0477,78.998,4,0.169
51,Rock Symphonies,David Garrett,Acoustic,3FT92lQ7y5LzT2QOlhuwTg,Smells Like Teen Spirit,0.145,0.49,247600,0.87,0.931,4,0.103,-5.505,0,0.058,116.013,4,0.184
52,All We Are Saying...,Bill Frisell,Acoustic,61gyeuR4ESBZqktbqsJhDt,Beautiful Boy,0.173,0.517,207987,0.493,0.541,2,0.107,-8.917,1,0.028,120.882,4,0.366
53,"Skinny Love (Birdy / Bon Iver Covers, Etc)",Gavin Mikhail,Acoustic,4qJYasnpFJQSIQl555fs7p,Skinny Love (Instrumental),0.983,0.717,239940,0.0765,0.933,11,0.141,-12.299,1,0.0651,132.076,4,0.107
54,Finding My Way,Trevor Gordon Hall,Acoustic,0pMBUD69Fl5Yxa9X9oV3qc,Come Together,0.024,0.685,338560,0.608,0.838,4,0.0815,-7.36,1,0.0627,168.367,4,0.606
55,Legs to Make us Longer,Kaki King,Acoustic,6dLkbgtwhk5vzSLhbRlW8A,Neanderthal,0.87,0.237,268040,0.317,0.939,6,0.11,-15.322,1,0.0391,111.312,4,0.204
56,More Beatles,Stephen Bennett,Acoustic,5JeB0aWdpAZr5fR2cgHc5w,Across the Universe,0.949,0.747,239960,0.167,0.824,1,0.108,-16.378,1,0.0656,77.926,4,0.107
57,All We Are Saying...,Bill Frisell,Acoustic,1Aod0worDm2ctoIbiLMmLp,In My Life,0.609,0.427,245227,0.266,0.438,9,0.0982,-12.726,1,0.0302,79.777,4,0.141
58,Beatles Acoustic Guitar Solos,Stephen Bennett,Acoustic,220cgqZrOmpWb4QGLrwmTR,Hey Jude,0.904,0.252,207347,0.262,0.934,5,0.0902,-14.57,1,0.0362,182.482,4,0.499
59,Teenager's Guide To Classical Music,St. Martin's Symphony Of Los Angeles,Acoustic,0IPl0wpJXJTBFKgYnNxEFT,You Found Me (made famous by The Fray ),0.908,0.181,241974,0.383,0.929,8,0.125,-10.335,0,0.0334,75.994,4,0.241
60,Acoustic Guitar Hits: Selected Pop Pearls,Dieter Max,Acoustic,3AvE9LrlIkqtH32RKm5DwE,Blackbird (Arr. for Classical Guitar),0.952,0.272,133659,0.18,0.912,7,0.115,-17.314,1,0.0368,101.115,4,0.289
61,Wonders,The Piano Guys,Acoustic,1wpyVNJcutD5uYyjDreWaW,Let It Go,0.809,0.602,241840,0.667,0.892,8,0.109,-7.55,1,0.0317,140.038,4,0.489
62,All We Are Saying...,Bill Frisell,Acoustic,5p1p8YYZXlMJAaYEQE2ZZx,You've Got To Hide Your Love Away,0.45,0.294,310867,0.416,0.439,7,0.115,-8.243,1,0.0274,76.472,3,0.206
63,Finding My Way,Trevor Gordon Hall,Acoustic,41XWMcA73Z3snk9XpzeskX,The Long and Winding Road,0.253,0.486,229027,0.359,0.413,4,0.166,-11.556,1,0.0337,134.214,4,0.241
64,Teenager's Guide To Classical Music,St. Martin's Symphony Of Los Angeles,Acoustic,1URUMa7E9Rzd96i7Z9rFRd,Love Story (made famous by Taylor Swift ),0.857,0.48,234500,0.396,0.901,2,0.114,-8.567,1,0.0319,119.95,4,0.124
65,I Will Wait,2Cellos,Acoustic,2QYddNy8VSCk1mKP3eDN7H,I Will Wait,0.235,0.363,247413,0.625,0.82,7,0.63,-7.518,1,0.0809,148.967,4,0.209
0,Joytime,Marshmello,EDM,1KDX8TC34n6CNryBEEMclR,Show You,7.78e-05,0.507,177465,0.969,0.935,10,0.173,-3.643,1,0.0395,142.006,4,0.242
1,Joytime,Marshmello,EDM,6aWiGv6hPG0o3ri7QHNs8t,Find Me,0.00012,0.557,180000,0.889,0.000225,0,0.325,-4.045,1,0.0499,142.015,4,0.173
2,Joytime,Marshmello,EDM,1aS1uzcAC14lduwuNJZjqE,Know Me,0.00635,0.664,206197,0.844,0.00285,5,0.542,-5.012,0,0.0405,142.056,4,0.557
3,Joytime,Omar LinX,EDM,0Q3SC6kEhxYagDP3bFe5K9,Keep It Mello (feat. Omar LinX),0.00134,0.686,243380,0.888,0.000689,1,0.0736,-3.348,1,0.0857,142.015,4,0.108
4,SOS,stereoGO,EDM,4WCNiW7DJFE6h94q5NPZmZ,SOS,0.0045,0.704,191000,0.933,6.36e-06,6,0.113,-4.186,0,0.144,149.924,4,0.447
5,Be Right There,Diplo,EDM,59ZSmCCe6Ao1qtptCqX9Tk,Be Right There,0.00259,0.695,237051,0.797,0.112,7,0.664,-5.199,1,0.0548,124.972,4,0.297
6,Blood For Mercy,Yellow Claw,EDM,1xQv4unOladJFtLUOy2eb7,In My Room (feat. Ty Dolla $ign & Tyga),0.00193,0.745,168641,0.869,0.0,6,0.0799,-4.375,1,0.0444,104.015,4,0.814
7,Worlds Apart,Seven Lions,EDM,2U0pVx4m1Kdm1Gsjjm6iq8,Strangers,0.0134,0.577,204213,0.691,3.43e-06,0,0.124,-7.437,0,0.0393,129.984,4,0.507
8,Don't Let Me Down,The Chainsmokers,EDM,1i1fxkWeaMmKEB4T7zqbzK,Don't Let Me Down,0.157,0.532,208373,0.869,0.00508,11,0.136,-5.094,1,0.172,159.803,4,0.422
9,Until You Were Gone,The Chainsmokers,EDM,12MqM3S0fTvR6X4Jt1Xvn6,Until You Were Gone,0.0541,0.577,215625,0.698,0.0,1,0.131,-4.773,1,0.0451,128.061,4,0.324
10,Daydreams,Audien,EDM,33lXq3csEWwYNn6x0sM3Et,Something Better,0.0616,0.561,212619,0.837,0.0,2,0.254,-2.563,1,0.0661,126.012,4,0.445
11,Untouchable,Tritonal,EDM,05dL7chWJaVjMJnGO1YCKk,Untouchable,0.0664,0.542,228837,0.795,2.89e-06,7,0.313,-3.131,1,0.0379,128.959,4,0.251
12,Leaving You,Audien,EDM,22qUyTlEvJf6DAlyQjMADe,Leaving You,0.0214,0.638,212427,0.74,1.2e-06,9,0.142,-4.928,0,0.0579,128.045,4,0.454
13,In Return,ODESZA,EDM,5jnp8E61wcoF6qIEtDHQnJ,All We Need (feat. Shy Girls),0.00416,0.644,211200,0.848,0.0168,4,0.0629,-4.952,0,0.0511,99.989,4,0.283
14,Firestone,Kygo,EDM,2sNvitW3TxiTeC9xT9f2ZZ,Firestone,0.408,0.486,273684,0.652,6.63e-05,11,0.077,-7.226,0,0.052,113.055,4,0.391
15,In Return,ODESZA,EDM,1LeItUMezKA1HdCHxYICed,Say My Name (feat. Zyra),0.0041,0.749,262957,0.745,0.395,6,0.0748,-7.367,0,0.0479,115.048,4,0.347
16,Let You Go (Radio Edit),The Chainsmokers,EDM,2Mh0jU5IyRTQfpyMnvki5Z,Let You Go - Radio Edit,0.276,0.59,218973,0.887,0.0,5,0.0798,-2.851,1,0.0928,126.029,4,0.258
17,Blame (Remixes),Calvin Harris,EDM,0wRaAh1Km76Blq4qMJjjvN,Blame - R3HAB Trap Remix,0.0293,0.614,212093,0.911,0.000486,0,0.135,-4.102,0,0.0443,141.941,4,0.175
18,Pharmacy,Galantis,EDM,46lFttIf5hnUZMGvjK0Wxo,Runaway (U & I),0.00711,0.506,227074,0.805,0.00193,1,0.0856,-4.119,1,0.0469,126.008,4,0.383
19,Often (Kygo Remix),The Weeknd,EDM,27NV2KxoQ8WuLMqlTDI61F,Often - Kygo Remix,0.128,0.583,234400,0.484,0.0,7,0.39,-9.864,0,0.043,80.015,4,0.412
20,Middle,DJ Snake,EDM,2bKhIGdMdcqCqQ2ZhSv5nE,Middle,0.0175,0.564,220573,0.737,0.0,9,0.054,-4.079,1,0.0414,104.764,4,0.211
21,Till It Hurts,Yellow Claw,EDM,6hJSH3jS9jG6khVclppBJw,Till It Hurts,0.000654,0.55,188680,0.893,0.000247,8,0.158,-4.048,1,0.0314,144.982,4,0.278
22,Shotgun,Yellow Claw,EDM,2LGfcxG9LcDOxnltIPE1Zq,Shotgun,0.0129,0.664,193893,0.907,0.176,4,0.26,-3.213,0,0.0328,144.956,4,0.226
23,Smoke Filled Room,Mako,EDM,4f13AaRyukUTWleyKXaRDh,Smoke Filled Room,0.024,0.574,195503,0.731,0.0,11,0.0779,-4.582,1,0.0664,127.925,4,0.402
24,Skrillex and Diplo present Jack Ü,Jack Ü,EDM,2RpKh7kXSdO8NLrW9VQ46p,Take Ü There (feat. Kiesza),0.0523,0.542,210000,0.879,0.0,6,0.171,-1.427,0,0.0921,159.888,4,0.118
25,This Mixtape is Fire.,Dillon Francis,EDM,6m3ZWIXhjoV76syT1j2oE9,Coming Over (feat. James Hersey),0.227,0.631,178333,0.661,1.43e-06,5,0.166,-5.5,0,0.0999,174.031,4,0.698
26,Candyman,Zedd,EDM,0NWQTyapmz4GuDTSN9xTB7,Candyman,0.0232,0.573,178920,0.875,0.0,2,0.356,-4.057,0,0.0523,149.974,4,0.235
27,Metamorphic III,Tritonal,EDM,69mlHIPayAZVzC32RaVty5,Anchor,0.00768,0.536,216923,0.832,0.0,8,0.054,-3.762,1,0.041,130.069,4,0.175
28,The Enhanced Collection 2013 - Part 4,Tritonal,EDM,5cr2MqXUs0TGaDByQnKVnX,Now Or Never - Radio Edit,0.108,0.527,251250,0.809,0.00983,6,0.104,-4.037,0,0.0418,127.925,4,0.309
29,Running Out,Matoma,EDM,2H8LPaY3NSjmOFMH2Rygnz,Running Out,0.0856,0.601,211200,0.682,0.00384,10,0.132,-5.905,1,0.0338,94.999,4,0.17
30,Catch Me (feat. Naaz),Flux Pavilion,EDM,2aLIBIlebwNpljSxFczUcL,Catch Me (feat. Naaz),0.0362,0.56,162383,0.916,0.000963,7,0.102,-3.328,0,0.0661,144.933,4,0.585
31,Stay,Kygo,EDM,7gBj0VgcuAgkXkiRRYvSmK,Stay,0.0444,0.648,239465,0.736,0.000137,8,0.171,-7.948,1,0.0385,103.027,4,0.378
32,Inside Out,The Chainsmokers,EDM,7sG2bWi2eDtvX9vX8yC1Gn,Inside Out,0.00308,0.545,233773,0.65,7.98e-06,7,0.122,-5.853,0,0.0315,143.937,4,0.121
33,I Wanna Know,Alesso,EDM,2kYqdSlrtovVMMIn6ykzba,I Wanna Know,0.0755,0.651,240413,0.823,0.0,2,0.0939,-3.632,1,0.0325,115.946,4,0.505
34,Blackout,Tritonal,EDM,2qJLp4SATqV1OP5IDN7SMl,Blackout,0.233,0.529,211690,0.739,0.000815,7,0.112,-2.62,0,0.0301,141.889,4,0.183
35,Automatic,Kaskade,EDM,6RXdg3NwyLU5pHUwkZq6VA,Us,0.00896,0.643,195333,0.87,3.66e-05,11,0.0584,-5.035,1,0.0567,124.961,4,0.193
36,Automatic,Kaskade,EDM,3xQjivjUZ4KnUslduTEYKC,Disarm You (feat. Ilsey),0.0434,0.446,221133,0.793,4.14e-05,5,0.159,-3.912,0,0.0556,127.799,4,0.313
37,SummerThing!,Afrojack,EDM,1KcnJTiXJXAqW5bB7zpkBC,SummerThing!,0.0566,0.707,235344,0.77,0.0,0,0.294,-5.45,1,0.0749,130.053,4,0.762
38,Native,OneRepublic,EDM,1hZk9dktp4yRFTm0TrycuH,If I Lose Myself - Alesso vs OneRepublic,0.212,0.517,214813,0.791,1.94e-05,2,0.126,-4.829,1,0.0411,126.016,4,0.128
39,"Money Sucks, Friends Rule",Dillon Francis,EDM,3oZoXyU0SkDldgS7AcN4y4,Get Low,0.0282,0.674,212773,0.932,0.71,11,0.684,-4.424,0,0.0859,101.033,4,0.728
40,"Devil (feat. Busta Rhymes, B.o.B & Neon Hitch)",Cash Cash,EDM,4bciEWCPPeR2UiVloDyUc5,"Devil (feat. Busta Rhymes, B.o.B & Neon Hitch)",0.055,0.613,210307,0.765,0.0,9,0.205,-2.974,0,0.0568,144.893,4,0.335
41,You Know You Like It,DJ Snake,EDM,57kR5SniQIbsbVoIjjOUDa,You Know You Like It,0.0113,0.426,247267,0.722,1.27e-06,5,0.262,-5.369,0,0.196,196.133,4,0.25
42,Prologue (Remixes),Life of Dillon,EDM,18KDpXD6e2UGRA5ORND1CU,Overload - The Chainsmokers Remix,0.00406,0.72,197016,0.587,0.000178,8,0.109,-6.458,1,0.0318,130.018,4,0.313
43,Dollhouse (The Remixes),Melanie Martinez,EDM,3uRZdsfjv6aWD7OV6VQPz6,Dollhouse - Jai Wolf Remix,0.375,0.651,248527,0.453,2.34e-06,0,0.347,-9.595,0,0.0271,140.003,4,0.39
44,Lean On,Major Lazer,EDM,4KcVVhAaHxqtX2ANt4b3tc,Lean On,0.00339,0.713,176561,0.79,0.000868,7,0.485,-4.602,0,0.0574,98.011,4,0.308
45,Forever,Alesso,EDM,6vPJvkEuWZPcv58NnQ3dBR,Sweet Escape,0.0876,0.571,232533,0.846,0.0,2,0.195,-3.8,1,0.0416,126.048,4,0.512
46,What If I Go?,Mura Masa,EDM,3LjEaWzh33DiR8MtrVbJnI,What If I Go?,0.375,0.487,200550,0.623,0.0,7,0.308,-7.388,1,0.464,200.155,4,0.894
47,Someday Somewhere,Mura Masa,EDM,79nopNMm3rJSUfQfMkG0Ur,Firefly,0.415,0.793,228000,0.449,2.02e-06,10,0.0642,-9.243,1,0.136,109.982,4,0.46
48,Is It Love,3LAU,EDM,2ig0x2zNvcOugS1Z0YCnHb,Is It Love,0.0671,0.643,228960,0.742,0.00379,9,0.161,-7.2,1,0.0412,125.001,4,0.294
49,Roses,The Chainsmokers,EDM,3vv9phIu6Y1vX3jcqaGz5Z,Roses,0.0435,0.713,226739,0.802,0.00377,4,0.309,-7.055,1,0.0561,100.001,4,0.343
50,Our Story (Radio Edit),Mako,EDM,4nP6jRqPZjFGDfBZpwxwh2,Our Story - Radio Edit,0.172,0.513,208125,0.689,0.0,8,0.248,-3.548,1,0.0359,128.097,4,0.41
51,All Time Low,Jon Bellion,EDM,5wQRNkb7OhzJoT1P0OZ4Rw,All Time Low,0.402,0.66,221333,0.378,0.0,0,0.0838,-9.728,1,0.27,90.056,4,0.516
52,Into The Sunset,Mako,EDM,02E0dSRldGrrrJyTY7O4uA,Into The Sunset,0.476,0.435,207581,0.726,0.0,10,0.266,-6.153,1,0.137,123.938,4,0.609
53,Is It Love (Remixed),3LAU,EDM,1qJhb6zftFI5PT39nL84vw,Is It Love - Arty Remix,0.0037,0.454,202510,0.846,0.0,1,0.105,-4.577,0,0.0764,128.064,4,0.216
54,Tesla,Flux Pavilion,EDM,4yNoaxUJjnP50AXYoAZx4S,Emotional,0.00272,0.493,235276,0.865,0.276,11,0.107,-4.672,0,0.0609,150.003,4,0.43
55,Blow The Roof,Flux Pavilion,EDM,2BTPW7osibjN9gFDRY4mYN,Do Or Die (feat. Childish Gambino),0.000242,0.624,245091,0.83,1.4e-05,11,0.306,-5.018,0,0.121,145.146,4,0.432
56,I Can't Stop,Flux Pavilion,EDM,5WSL7UTa38jMWoBzObD4BD,I Can't Stop,0.00108,0.524,305786,0.601,0.601,0,0.398,-13.399,0,0.0335,139.972,4,0.314
57,How To Love (feat. Sofia Reyes),Cash Cash,EDM,2VYiQ9ijG3NER2aevaxzDi,How To Love (feat. Sofia Reyes),0.148,0.673,219240,0.894,3.4e-06,0,0.141,-2.73,1,0.0594,118.894,4,0.63
58,This Is What You Came For,Calvin Harris,EDM,0azC730Exh71aQlOt9Zj3y,This Is What You Came For,0.199,0.63,222160,0.928,0.124,9,0.148,-2.787,0,0.0331,123.963,4,0.465
59,This Is Love,Tritonal,EDM,1ToVEMXEqUKg8dTURvVZy8,This Is Love,0.0837,0.466,218906,0.786,2.9e-06,4,0.563,-3.387,0,0.058,127.838,4,0.357
60,This Is What You Came For (Remixes),Calvin Harris,EDM,1GJLqaSf3YAHzHlnrFjeCS,This Is What You Came For - Dillon Francis Remix,0.0137,0.681,223000,0.915,0.000602,9,0.127,-2.862,0,0.0476,139.978,4,0.474
61,Pharmacy,Galantis,EDM,1PBk2knn4anq0vaS5KGDG2,In My Head,0.00622,0.548,221066,0.895,0.0184,0,0.108,-2.794,1,0.0392,127.829,4,0.616
62,Pharmacy,Galantis,EDM,7gUg4GdOA6Y6yRDe36GIjK,You,0.00837,0.184,221286,0.871,0.167,8,0.15,-3.245,0,0.0661,127.972,4,0.21
63,All I Wanna Do,Martin Jensen,EDM,0BiGd2FNDQ0eh79ZHfp6tS,All I Wanna Do,0.148,0.728,194360,0.794,0.0,1,0.0688,-3.992,1,0.0635,112.071,4,0.523
64,Alone,Marshmello,EDM,12mGwph2YzDIlChtq3EdXP,Alone,0.0244,0.636,273803,0.953,0.0164,2,0.108,-3.74,1,0.0353,142.011,4,0.397
65,Kitsuné: Weekend,Mocki,EDM,56uve6ghEMpAuEF5QTlTs2,Weekend - Jai Wolf Remix,0.279,0.75,249161,0.664,4.01e-05,0,0.11,-7.771,1,0.0458,140.055,4,0.595
66,EP1,Duke Dumont,EDM,69gQgkobVW8bWjoCjBYQUd,I Got U,0.00369,0.647,285596,0.762,0.00641,0,0.0884,-7.765,1,0.0363,120.832,4,0.451
67,You (The Remixes),Lost Kings,EDM,4wxalzIz8Xl8gIYgQfxs4y,You - Evan Berg Remix Edit,0.0298,0.576,220167,0.791,0.000124,9,0.0786,-3.376,1,0.0461,90.05,4,0.286
68,The Wave (feat. Madcon),Matoma,EDM,2aE5Nih0DGEVWhA9BVsiua,The Wave (feat. Madcon),0.0171,0.684,178000,0.602,0.0,10,0.113,-7.685,1,0.119,99.946,4,0.209
69,How You Love Me,3LAU,EDM,1nas007nDbzLwDGwvMdz79,How You Love Me,0.182,0.513,210469,0.803,0.0,1,0.34,-3.635,1,0.0817,127.927,4,0.292
70,Feels (Jai Wolf Remix),Kiiara,EDM,57rOXabUKgkrwHPSqzo4s5,Feels - Jai Wolf Remix,0.463,0.556,270222,0.762,0.0,1,0.0957,-1.961,0,0.0299,135.013,4,0.225
71,"Money Sucks, Friends Rule",Dillon Francis,EDM,1M9VOufdrCQS1SrsfbjznO,When We Were Young,0.000948,0.588,199640,0.842,1.51e-06,1,0.313,-4.304,1,0.0451,128.032,4,0.46
72,Closer,The Chainsmokers,EDM,7BKLCZ1jbUBVqRi2FVlTVw,Closer,0.414,0.748,244960,0.524,0.0,8,0.111,-5.599,1,0.0338,95.01,4,0.661
73,Cold Water,Major Lazer,EDM,7zsXy7vlHdItvUSH8EwQss,Cold Water,0.055,0.602,185360,0.797,0.0,6,0.187,-5.084,0,0.0534,92.928,4,0.492
74,Peace Is The Mission (Extended),Major Lazer,EDM,40MkEbKzuSW9ET6HBngqnK,Light It Up (feat. Nyla & Fuse ODG) [Remix],0.0375,0.747,166138,0.877,0.000833,9,0.233,-3.782,0,0.0664,107.991,4,0.752
75,Peace Is The Mission,Major Lazer,EDM,4vS8VaBwJJV5Ry7UFIQuoo,Lean On (feat. MØ & DJ Snake),0.00346,0.723,176561,0.809,0.00123,7,0.565,-3.081,0,0.0625,98.007,4,0.274
76,Encore,DJ Snake,EDM,0lYBSQXN6rCTvUZvg9S0lU,Let Me Love You,0.0771,0.652,205947,0.713,1.02e-05,8,0.144,-5.311,1,0.0368,100.023,4,0.152
77,Encore,DJ Snake,EDM,69bDRy5MeWQl1lNeEJQIBE,The Half,0.0113,0.705,217373,0.705,0.0,11,0.643,-3.393,1,0.12,170.031,4,0.445
78,Powerful (Remixes),Major Lazer,EDM,37jalmkAdkohJQj98FGU7r,Powerful,0.133,0.402,206920,0.794,0.0,11,0.133,-3.982,0,0.125,195.058,3,0.702
79,Peace Is The Mission (Extended),Major Lazer,EDM,56pOVpGoStk1PQpLGIyKmP,"Boom (feat. MOTi, Ty Dolla $ign, Wizkid, & Kranium)",0.00283,0.704,186448,0.784,0.0,7,0.419,-4.463,0,0.142,100.083,4,0.656
80,Peace Is The Mission,Major Lazer,EDM,2SKwCzTG3flzBqYQhGWj8J,"Night Riders (feat. Travis Scott, 2 Chainz, Pusha T & Mad Cobra)",0.0761,0.63,233333,0.888,1.94e-06,11,0.26,-2.388,0,0.0995,141.019,4,0.561
81,Don't Let Me Down (Remixes),The Chainsmokers,EDM,1yNbAK2NOZkJO0M1E7KpL6,Don't Let Me Down - Illenium Remix,0.0751,0.428,218933,0.656,0.181,11,0.15,-3.712,1,0.075,79.648,4,0.355
82,Complementary Colors,Halsey,EDM,3WtCu35qpzGCLIGa8pczdu,Colors - Audien Remix,0.0622,0.631,270222,0.886,5.51e-05,1,0.098,-2.016,1,0.117,135.032,4,0.672
83,Whole Lotta Lovin',Mustard,EDM,01gNiOqg8u7vT90uVgOVmz,Whole Lotta Lovin',0.154,0.438,299160,0.399,8.45e-06,4,0.0646,-8.752,0,0.0623,160.159,5,0.405
84,Insomnia,Audien,EDM,2f4aFQQtbJ5EciN4pCC63S,Insomnia,0.131,0.621,214230,0.843,0.0,6,0.143,-1.55,1,0.0925,127.991,4,0.528
85,Forever,Alesso,EDM,7vhOZ7D4z03Y0tYkxFAG15,Cool,0.0339,0.525,221399,0.857,0.0,6,0.443,-2.413,0,0.0324,128.016,4,0.515
86,Don't Look Down,Martin Garrix,EDM,5M9jOReAKGZ2AttVefFjTY,Don't Look Down,0.00406,0.575,223140,0.831,0.000449,0,0.111,-5.972,1,0.0356,127.991,4,0.377
87,Major Key,DJ Khaled,EDM,4VJ7mnW4wjjIgPBM6KWvPu,Do You Mind,0.0173,0.412,325615,0.548,0.0,10,0.181,-6.981,1,0.243,81.293,4,0.176
88,Skrillex and Diplo present Jack Ü,Jack Ü,EDM,66hayvUbTotekKU3H4ta1f,Where Are Ü Now (with Justin Bieber),0.041,0.432,250286,0.781,4.21e-06,4,0.0789,-4.038,0,0.0567,139.432,4,0.197
89,Skrillex and Diplo present Jack Ü,Jack Ü,EDM,3UgSQu6WwrXfKKDq019IHE,To Ü (feat. AlunaGeorge),0.134,0.485,237000,0.928,2.92e-05,10,0.217,-3.451,0,0.445,160.165,4,0.348
90,Shelter,Porter Robinson,EDM,3ISYGHoYnu4gos6JNMfL4z,Shelter,0.00293,0.276,218965,0.796,0.0,0,0.184,-4.499,1,0.0579,199.526,4,0.26
91,Joytime,Marshmello,EDM,1Hk0QRlUFCHYG6zIvUh0Xd,Summer,0.00695,0.583,233239,0.748,0.0241,6,0.22,-4.798,1,0.0292,142.029,4,0.254
92,Weight in Gold (The Remixes),Gallant,EDM,4mRpWePw7B8ePqfP7aMD7S,Weight in Gold - Ekali Remix,0.307,0.458,199714,0.579,0.0,2,0.159,-4.513,0,0.218,131.917,4,0.195
93,All We Know,The Chainsmokers,EDM,2rizacJSyD9S1IQUxUxnsK,All We Know,0.097,0.662,194080,0.586,0.00272,0,0.115,-8.821,1,0.0307,90.0,4,0.296
94,Ashes,Sound Remedy,EDM,6XtSFFAy65MocQiaHMj2bp,Spirals (feat. King Deco),0.0194,0.229,361500,0.557,1.7e-06,1,0.185,-5.507,1,0.0363,135.029,4,0.0564
95,My Way,Calvin Harris,EDM,1vvNmPOiUuyCbgWmtc6yfm,My Way,0.0935,0.819,219160,0.913,3.72e-05,4,0.161,-3.059,0,0.0427,119.989,4,0.536
96,Adventure (Deluxe),Madeon,EDM,4PTPZeJlK1rYlYr6bf11hk,You're On,0.0227,0.49,192720,0.914,0.0,10,0.793,-3.202,1,0.167,100.1,4,0.241
97,Adventure (Deluxe),Madeon,EDM,3rsq3qtqNBId48c0IVraTS,Pay No Mind,0.00592,0.546,249440,0.852,0.0,1,0.159,-2.445,1,0.102,112.183,4,0.558
98,"Blood, Sweat & 3 Years",Cash Cash,EDM,0jPU39bL0SrCmYc1RwbFkX,Hero (feat. Christina Perri),0.0627,0.47,197840,0.85,0.0,1,0.118,-2.825,0,0.0363,149.876,4,0.148
99,Broken,Tritonal,EDM,3NpncOG0HgkKbMAF8DTCma,Broken,0.00836,0.591,207273,0.652,1.5e-06,7,0.222,-7.347,1,0.0339,110.006,4,0.231
